Date,Ref/Check,Description,Amount,Balance,Memo,Category
5/2/26,,Pending: 05/02/2026 - Memo Debit ATM - 215 HARVEY ST WINSTON SALEM NC000000024000122818260502006476,-240,112.98,,
5/2/26,,Pending: 05/02/2026 - Memo Debit ATM - 215 HARVEY ST WINSTON SALEM NC000000050000122613260502006475,-500,352.98,,
5/1/26,,Pending: 05/01/2026 - Memo Debit POS - C AND H CAFETERI KERNERSVILLE NC000000002325133611260501047586,-23.25,852.98,,
5/1/26,,Pending: 05/01/2026 - Memo Debit POS - APPLE.COM/BILL CUPERTINO CA000000000999131847260501136278,-9.99,876.23,,
5/1/26,,Pending: 05/01/2026 - Memo Debit POS - Spectrum SAINT LOUIS MO000000012000115054260501735834,-120,886.22,,
5/1/26,,Pending: 05/01/2026 - Memo Debit POS - MONTE DE REY OF CLEMMONS NC000000004841211132260501001507,-48.41,1006.22,,
4/30/26,,Pending: 04/30/2026 - Memo Debit POS - WHATABURGER 1559 WINSTON SALEM NC000000000694143139260430766071,-6.94,1054.63,,
5/2/26,, Pending: 05/02/2026 - Telephone/OLB Transfer Credit OLB Transfer from *448 to *535Transfer,100,1061.57,,
5/2/26,, Pending: 05/02/2026 - Telephone/OLB Transfer Credit OLB Transfer from *448 to *535Transfer,800,961.57,,
5/1/26,,Daily Ledger Bal,,161.57,,
5/1/26,,DUKEENERGYCORPOR WEB_PAY 4700130001 1101368049,-675.61,161.57,,
5/1/26,,SPRING TAILOR WINSTON SALEM NC 43026 405546 Card#5412,-15,837.18,,
5/1/26,,AMAZON.COM*BV28P SEATTLE WA 50126 100000 Card#7349,-9.62,852.18,,
5/1/26,,DOLLAR-GENERAL # CLEMMONS NC 50126 259860 Card#5412,-8.56,861.8,,
4/30/26,,Daily Ledger Bal,,870.36,,
4/30/26,,WHOLEFDS WIN 101 WINSTON-SALEM NC 43026 931951 Card#5412,-244.91,870.36,,
4/30/26,,MCDONALD'S F1030 WINSTON SALEM NC 42926 719591 Card#7349,-18.81,1115.27,,
4/30/26,,WHOLEFDS WIN 101 WINSTON-SALEM NC 43026 913086 Card#5412,-12.83,1134.08,,
4/30/26,,WHOLEFDS WIN 101 WINSTON-SALEM NC 43026 923373 Card#5412,-7.04,1146.91,,
4/30/26,,"NCDOR IND INCOME NCSTTAXRFD 2561611838 GRIFFIN, STEVEN A & TA",791.05,1153.95,,
4/29/26,,Daily Ledger Bal,,362.9,,
4/29/26,,LinkedInPreA *07 MOUNTAIN VIEW CA 42826 824268 Card#7349,-42.79,362.9,,
4/28/26,,Daily Ledger Bal,,405.69,,
4/28/26,,AAA MEMBERSHIP R CHARLOTTE NC 42726 280404 Card#7349,-237,405.69,,
4/27/26,,Daily Ledger Bal,,642.69,,
4/27/26,,WHOLEFDS WIN 101 WINSTON-SALEM NC 42526 960292 Card#5412,-305.28,642.69,,
4/27/26,,VENMO *ANDREW MI 8558124430 NY 42526 908850 Card#7349,-157,947.97,,
4/27/26,,APPLE.COM/BILL CUPERTINO CA 42526 243040 Card#7349,-69.54,1104.97,,
4/27/26,,SEA PRODUCTS INC WINSTON SALEM NC 42526 519202 Card#5412,-60.25,1174.51,,
4/27/26,,FOOD LION #1062 LEWISVILLE NC 42526 012974 Card#5412,-44.59,1234.76,,
4/27/26,,BP#1088100QUALI LEWISVILLE NC 42526 797794 Card#5412,-35.37,1279.35,,
4/27/26,,4314 GREAT CLIPS CLEMMONS NC 42426 552986 Card#7349,-26,1314.72,,
4/27/26,,CHIPOTLE 2101 HICKORY NC 42426 021591 Card#5412,-17.07,1340.72,,
4/27/26,,MICROSOFT*MICROS REDMOND WA 42726 066808 Card#7349,-13.9,1357.79,,
4/27/26,,SP BRIDGE CITY C GREENVILLE SC 42426 595489 Card#5412,-9.02,1371.69,,
4/27/26,,OLB Transfer from *448 to *535 Transfer,800,1380.71,,
4/27/26,,OLB Transfer from *448 to *535 Transfer,600,580.71,,
4/27/26,,OLB Transfer from *448 to *535 Transfer,200,-19.29,,
4/24/26,,Daily Ledger Bal,,-219.29,,
4/24/26,3077,Paid Item Fee,-30,-219.29,,
4/24/26,3077,Check,-100,-189.29,,
4/24/26,,THE LAZY GOAT GREENVILLE SC 42326 142677 Card#7349,-116.12,-89.29,,
4/24/26,,HARMONY NAILS WINSTON SALEM NC 42226 878837 Card#5412,-80.4,26.83,,
4/24/26,,AMAZON.COM*BS6EZ SEATTLE WA 42426 600000 Card#7349,-78.22,107.23,,
4/24/26,,HARRIS TEETER #0 CLEMMONS NC 42426 002133 Card#5412,-57.15,185.45,,
4/24/26,,QT 1104 OUTSIDE GREENVILLE SC 42426 037828 Card#5412,-53.16,242.6,,
4/24/26,,SPIRIT & BOWER GREENVILLE SC 42326 231534 Card#7349,-32.7,295.76,,
4/24/26,,AMAZON PRIME*7U1 SEATTLE WA 42326 893358 Card#7349,-16.04,328.46,,
4/24/26,,SQ *101 FALLS - WEST COLUMBIA SC 42326 026067 Card#7349,-11.75,344.5,,
4/24/26,,DNH*GODADDY#4071 TEMPE AZ 42326 086129 Card#7349,-9.99,356.25,,
4/24/26,,SQ *509 FALLS WEST COLUMBIA SC 42326 627179 Card#7349,-8.75,366.24,,
4/23/26,,Daily Ledger Bal,,374.99,,
4/23/26,,ALKALI HAIR STUD WINSTON SALEM NC 42226 329804 Card#5412,-136.08,374.99,,
4/23/26,,EBAY O*23-14521- SAN JOSE CA 42226 343737 Card#7349,-48.72,511.07,,
4/23/26,,MCDONALD'S F2250 KINGS MTN NC 42226 723956 Card#7349,-21.05,559.79,,
4/23/26,,AMAZON.COM SEATTLE WA 42326 000009 Card#7349,29.95,580.84,,
4/22/26,,Daily Ledger Bal,,550.89,,
4/22/26,,Interest Deposit,0.01,550.89,,
4/22/26,,US BANK HOME MTG MTGPYMENT 5150841368 S STEVEN A GRIFFIN,-2520.66,550.88,,
4/22/26,,WHOLEFDS WIN 101 WINSTON-SALEM NC 42226 932858 Card#5412,-290.25,3071.54,,
4/22/26,,THE NEIGHBORS PL LYNCHBURG VA 42026 357422 Card#7349,-116.59,3361.79,,
4/22/26,,STRATFORD ROAD E WINSTON SALEM NC 42226 212614 Card#5412,-46.98,3478.38,,
4/22/26,,LINGUAMEETING LL 7135748445 MS 42126 866592 Card#7349,-6,3525.36,,
4/22/26,,OLB Transfer from *448 to *535 Transfer,400,3531.36,,
4/22/26,,NORDSTROM DIRECT CEDAR RAPIDS IA 42026 228918 Card#5412,235.4,3131.36,,
4/21/26,,Daily Ledger Bal,,2895.96,,
4/21/26,,AMAZON.COM*BY3L8 SEATTLE WA 42026 200000 Card#7349,-57.08,2895.96,,
4/21/26,,Bloom byDoyles LYNCHBURG VA 42026 290476 Card#5412,-28.18,2953.04,,
4/21/26,,BKST LIBERTY U 3 FLORHAM PARK NJ 42026 428159 Card#7349,-8.04,2981.22,,
4/21/26,,THRIFT BOOKS GLO 2532752241 WA 42026 486265 Card#7349,-2.13,2989.26,,
4/21/26,,PAYPAL*GRIFFIN S CLEMMONS NC 42126 021235 Card#7349,2511.53,2991.39,,
4/21/26,,OLB Transfer from *448 to *535 Transfer,500,479.86,,
4/20/26,,Daily Ledger Bal,,-20.14,,
4/20/26,,TMOBILE AUTO PAY BELLEVUE WA 42026 059048 Card#7349,-196.26,-20.14,,
4/20/26,,WHOLEFDS WIN 101 WINSTON-SALEM NC 41726 226887 Card#5412,-161.52,176.12,,
4/20/26,,DILLARDS 145 HAN WINSTON SALEM NC 41826 301195 Card#7349,-113.38,337.64,,
4/20/26,,SQ *PAISLEY GIFT LYNCHBURG VA 42026 678951 Card#5412,-86.59,451.02,,
4/20/26,,TEXAS ROADHOUSE WINSTON-SALEM NC 41826 442451 Card#7349,-85.53,537.61,,
4/20/26,,O' BRIEN'S DELI WINSTON SALEM NC 41626 636832 Card#7349,-64.23,623.14,,
4/20/26,,SHEETZ 2271 LYNCHBURG VA 42026 837466 Card#5412,-52.75,687.37,,
4/20/26,,AMAZON.COM*BY0G8 SEATTLE WA 42026 100000 Card#7349,-33.17,740.12,,
4/20/26,,FOOD LION #1062 LEWISVILLE NC 41926 154686 Card#7349,-31.09,773.29,,
4/20/26,,FOOD LION #1062 LEWISVILLE NC 41826 228116 Card#7349,-28.55,804.38,,
4/20/26,,DOMINO'S 5554 LEWISVILLE NC 41826 027265 Card#7349,-22.99,832.93,,
4/20/26,,MCDONALD'S F2510 RALEIGH NC 41726 538765 Card#5412,-14.81,855.92,,
4/20/26,,APPLE.COM/BILL CUPERTINO CA 41726 664138 Card#7349,-14.19,870.73,,
4/20/26,,UEP*CHINA WOK LEWISVILLE NC 41726 232728 Card#7349,-13.24,884.92,,
4/20/26,,ZIPS CAR WASH PLANO TX 41826 383001 Card#7349,-12,898.16,,
4/20/26,,GOOGLE *Google O MOUNTAIN VIEW CA 41726 285476 Card#7349,-9.99,910.16,,
4/20/26,,CHICK-FIL-A #028 RALEIGH NC 41726 372449 Card#5412,-9.58,920.15,,
4/20/26,,LOWE'S FOODS #17 LEWISVILLE NC 41926 307449 Card#7349,-8.56,929.73,,
4/20/26,,NCSU T2 PAYSTATI RALEIGH NC 41726 217411 Card#5412,-7,938.29,,
4/20/26,,AMAZON.COM*BY46H SEATTLE WA 41926 000005 Card#7349,-6.62,945.29,,
4/20/26,,CHICK-FIL-A #054 WHITSETT NC 41726 493422 Card#5412,-4.1,951.91,,
4/20/26,,OLB Transfer from *448 to *535 Transfer,800,956.01,,
4/17/26,,Daily Ledger Bal,,156.01,,
4/17/26,,WINDSTREAM WSC ACH 4728201000 GRIFFIN STEVE,-74.2,156.01,,
4/17/26,,AMAZON.COM*BS2PI SEATTLE WA 41626 210000 Card#7349,-119.83,230.21,,
4/17/26,,BP#2089746STONE WHITSETT NC 41726 289646 Card#5412,-51.43,350.04,,
4/17/26,,THE HOME DEPOT # WINSTON-SALEM NC 41526 347680 Card#5412,-16.01,401.47,,
4/17/26,,APPLE.COM/BILL CUPERTINO CA 41626 919751 Card#7349,-10.7,417.48,,
4/16/26,,Daily Ledger Bal,,428.18,,
4/16/26,,PROV L&A DIS OP INS.PREM 9725125003 STEVE A GRIFFIN,-254.06,428.18,,
4/16/26,,MUTUAL OF OMAHA 8007756000 LTCMD46511 S Tammy Wilson,-215.67,682.24,,
4/16/26,3076,Check,-125,897.91,,
4/16/26,,MARATHON 214072 DOBSON NC 41526 418772 Card#7349,-62.03,1022.91,,
4/16/26,,CHICK-FIL-A #054 WHITSETT NC 41426 499207 Card#7349,-12.21,1084.94,,
4/16/26,,365 MARKET L 888 TROY MI 41426 274396 Card#7349,-2.87,1097.15,,
4/16/26,,CHICK-FIL-A #054 WHITSETT NC 41426 234794 Card#7349,-2.72,1100.02,,
4/16/26,,OLB Transfer from *448 to *535 Transfer,850,1102.74,,
4/15/26,,Daily Ledger Bal,,252.74,,
4/15/26,,NORDSTROM DIRECT CEDAR RAPIDS IA 41226 776357 Card#5412,-235.4,252.74,,
4/15/26,,DILLARDS 698 DIL MAUMELLE AR 41526 535210 Card#5412,-192.57,488.14,,
4/15/26,,DILLARDS 517 OAK HIGH POINT NC 41526 365135 Card#5412,-142.52,680.71,,
4/15/26,,TST*LOCAL 22 KIT DURHAM NC 41426 720915 Card#7349,-77.58,823.23,,
4/15/26,,CIRCLE K 01539 4 LEWISVILLE NC 41526 566689 Card#5412,-42.43,900.81,,
4/15/26,,Stratford Road E WINSTON SALEM NC 41326 671344 Card#5412,-16,943.24,,
4/15/26,,HARVEST 6467557737 NY 41426 587924 Card#7349,-12,959.24,,
4/14/26,,Daily Ledger Bal,,971.24,,
4/14/26,,Allegacy Federal P2PEXT XFR 1566087383 S STEVEN GRIFFIN,-1113.42,971.24,,
4/14/26,,CINTI LIF INS CO PREM DEBIT 1311213778 STEVEN GRIFFIN,-234.96,2084.66,,
4/14/26,,WHOLEFDS WIN 101 WINSTON-SALEM NC 41326 352487 Card#5412,-154.43,2319.62,,
4/14/26,,NORDSTROM DIRECT CEDAR RAPIDS IA 41226 250587 Card#5412,-133.75,2474.05,,
4/14/26,,CHOICE HOME WARR EDISON NJ 41226 096072 Card#7349,-97.63,2607.8,,
4/14/26,,SWP*REVCO SOLUTI COLUMBUS OH 41326 084745 Card#7349,-84.35,2705.43,,
4/14/26,,MCDONALD'S F1030 WINSTON SALEM NC 41326 401422 Card#5412,-9.3,2789.78,,
4/13/26,,Daily Ledger Bal,,2799.08,,
4/13/26,,OLB Transfer from *535 to *448 earth breeze,-1624.93,2799.08,,
4/13/26,,TFSBillPay.com 8 JERICHO NY 41026 007863 Card#7349,-291.99,4424.01,,
4/13/26,,FOOD LION #1062 LEWISVILLE NC 41326 170682 Card#5412,-148.58,4716,,
4/13/26,,AMAZON.COM*B7585 SEATTLE WA 41226 807379 Card#7349,-99.35,4864.58,,
4/13/26,,WM SUPERCENTER # WINSTON SALEM NC 41026 982548 Card#7349,-75.55,4963.93,,
4/13/26,,CIRCLE K 01539 4 LEWISVILLE NC 41326 783224 Card#5412,-38.52,5039.48,,
4/13/26,,PANCHO VILLA MEX WINSTON SALEM NC 40926 359967 Card#7349,-34.2,5078,,
4/13/26,,eBay O*17-14478- SAN JOSE CA 41126 303373 Card#7349,-33.41,5112.2,,
4/13/26,,JERSEY MIKES 314 CLEMMONS NC 41026 045238 Card#7349,-33.22,5145.61,,
4/13/26,,DNH*GODADDY#4061 TEMPE AZ 41126 314419 Card#7349,-23.99,5178.83,,
4/13/26,,COVENANT EYES OWOSSO MI 41126 933817 Card#7349,-18,5202.82,,
4/13/26,,LOWE'S FOODS #17 LEWISVILLE NC 41226 242537 Card#7349,-12.22,5220.82,,
4/13/26,,AMAZON.COM*BY9KG SEATTLE WA 41026 400000 Card#7349,-10.69,5233.04,,
4/13/26,,SLACK T0922P4PME SAN FRANCISCO CA 41126 847833 Card#7349,-8.75,5243.73,,
4/13/26,,OLB Transfer from *448 to *535 Transfer,1500,5252.48,,
4/13/26,,OLB Transfer from *448 to *535 allegacy april,1113.42,3752.48,,
4/10/26,,Daily Ledger Bal,,2639.06,,
4/10/26,,WHOLEFDS WIN 101 WINSTON-SALEM NC 40926 041149 Card#7349,-49.77,2639.06,,
4/10/26,,ACADEMY SPORTS # WINSTON SALEM NC 40926 075098 Card#7349,-37.45,2688.83,,
4/10/26,,COOK OUT CLEMMON CLEMMONS NC 40826 999655 Card#5412,-34.2,2726.28,,
4/10/26,,PUBLIX #1475 WINSTON SALEM NC 40926 558285 Card#7349,-16.47,2760.48,,
4/10/26,,AMAZON.COM*BC2WY SEATTLE WA 41026 470000 Card#7349,-13.9,2776.95,,
4/10/26,,WHOLEFDS WIN 101 WINSTON-SALEM NC 40926 044201 Card#7349,-9.68,2790.85,,
4/10/26,,PAYPAL*GRIFFIN S CLEMMONS NC 40926 895209 Card#7349,1624.93,2800.53,,
4/10/26,,AMAZON.COM SEATTLE WA 40926 100000 Card#7349,41.72,1175.6,,
4/10/26,,AMAZON.COM SEATTLE WA 40926 600000 Card#7349,27.81,1133.88,,
4/10/26,,TRACTOR-SUPPLY-C CLEMMONS NC 41026 824588 Card#7349,12.8,1106.07,,
4/9/26,,Daily Ledger Bal,,1093.27,,
4/9/26,,CINTI LIF INS CO PREM DEBIT 1311213778 TAMMY WILSON,-139.92,1093.27,,
4/9/26,,ACI***AccessOne Web Pay 1222528268 TAMMY WILSON,-25,1233.19,,
4/9/26,,OLB Transfer from *448 to *535 Transfer,1000,1258.19,,
4/8/26,,Daily Ledger Bal,,258.19,,
4/8/26,,TRAVELERS PER IN HARTFORD CT 40726 539143 Card#7349,-434.04,258.19,,
4/8/26,,WHOLEFDS WIN 101 WINSTON-SALEM NC 40826 733687 Card#5412,-87.35,692.23,,
4/8/26,,CIRCLE K 01539 4 LEWISVILLE NC 40726 306769 Card#7349,-51.95,779.58,,
4/8/26,,CIRCLE K 01539 4 LEWISVILLE NC 40726 050273 Card#7349,-4.12,831.53,,
4/8/26,,Prime Video Chan SEATTLE WA 40726 570588 Card#7349,-2.13,835.65,,
4/7/26,,Daily Ledger Bal,,837.78,,
4/7/26,,STAPLES 1090 CLEMMONS NC 40726 042962 Card#7349,-42.56,837.78,,
4/7/26,,WALGREENS STORE CLEMMONS NC 40726 510991 Card#7349,-13.97,880.34,,
4/7/26,,SP BEEK NEWPORT BEACH CA 40526 128972 Card#5412,128,894.31,,
4/6/26,,Daily Ledger Bal,,766.31,,
4/6/26,,SBA EIDL LOAN PAYMENT 7300000118 R STEVE GRIFFIN,-120,766.31,,
4/6/26,,WHOLEFDS WIN 101 WINSTON-SALEM NC 40326 355813 Card#5412,-94.5,886.31,,
4/6/26,,MYATRIUMHEALTH P CHARLOTTE NC 40326 630768 Card#7349,-90.44,980.81,,
4/6/26,,MONTE DE REY OF CLEMMONS NC 40226 495478 Card#7349,-75.39,1071.25,,
4/6/26,,RUN IN 116 YADKINVILLE NC 40626 385705 Card#7349,-69.29,1146.64,,
4/6/26,,PUBLIX SUPER MAR CLEMMONS NC 40426 052755 Card#7349,-58.89,1215.93,,
4/6/26,,KFC G135196 CLEMMONS NC 40426 605337 Card#7349,-53.57,1274.82,,
4/6/26,,DAIRI-O CLEMMONS NC 40626 670984 Card#5412,-47.88,1328.39,,
4/6/26,,AMAZON.COM*BG8VS SEATTLE WA 40626 000005 Card#7349,-32.59,1376.27,,
4/6/26,,AMAZON.COM*BC53D SEATTLE WA 40426 500000 Card#7349,-27.81,1408.86,,
4/6/26,,AMAZON.COM*BC2S5 SEATTLE WA 40326 186619 Card#7349,-21.38,1436.67,,
4/6/26,,AMAZON.COM*BG1H2 SEATTLE WA 40326 620000 Card#7349,-8.55,1458.05,,
4/6/26,,AMAZON.COM SEATTLE WA 40326 190997 Card#7349,-6.84,1466.6,,
4/6/26,,APPLE.COM/BILL CUPERTINO CA 40426 795151 Card#5412,-2.99,1473.44,,
4/3/26,,Daily Ledger Bal,,1476.43,,
4/3/26,,OLB Transfer from *535 to *448 ngp partial,-2500,1476.43,,
4/3/26,,GULLIONS CHRISTI KING NC 40226 444997 Card#5412,-80.7,3976.43,,
4/3/26,,E-STOP LEWISVILLE NC 40226 894261 Card#7349,-55.27,4057.13,,
4/3/26,,TRADER JOE S #74 WINSTONSALEM NC 40326 539025 Card#5412,-54.54,4112.4,,
4/3/26,,AMAZON.COM*B712Y SEATTLE WA 40326 600000 Card#7349,-29.95,4166.94,,
4/3/26,,FOOD LION #1062 LEWISVILLE NC 40326 241811 Card#5412,-17.28,4196.89,,
4/3/26,,"NEW GROWTH PRESS PAYROLL 9111111101 GRIFFIN,STEVEN A",4286.74,4214.17,,
4/3/26,,HOMEGOODS #216 WINSTON SALEM NC 40326 636203 Card#5412,83.42,-72.57,,
4/3/26,,AMAZON.COM SEATTLE WA 40326 000009 Card#7349,41.72,-155.99,,
4/3/26,,AMAZON.COM SEATTLE WA 40326 600000 Card#7349,39.58,-197.71,,
4/3/26,,AMAZON.COM SEATTLE WA 40326 000008 Card#7349,34.3,-237.29,,
4/2/26,,Daily Ledger Bal,,-271.59,,
4/2/26,,Paid Item Fee,-30,-271.59,,
4/2/26,,IRS USATAXPYMT 3387702000 S STEVEN A GRIFFIN & TAM,-263,-241.59,,
4/2/26,,Blue Cross NC ww IND DRAFT 1222528268 R STEVE GRIFFIN,-254.6,21.41,,
4/2/26,,MUTUAL OF OMAHA 8007756000 LTCMD46511 S Steve Griffin,-149.88,276.01,,
4/2/26,,Blue Cross NC ww IND DRAFT 1222528268 R STEVE GRIFFIN,-71.58,425.89,,
4/2/26,,Blue Cross NC ww IND DRAFT 1222528268 R STEVE GRIFIN,-32.72,497.47,,
4/2/26,3075,Check,-75,530.19,,
4/2/26,,WHOLEFDS WIN 101 WINSTON-SALEM NC 40226 834160 Card#5412,-416.86,605.19,,
4/2/26,,TRADER JOE S #74 WINSTONSALEM NC 40226 537185 Card#5412,-114.5,1022.05,,
4/2/26,,AMAZON.COM*B7507 SEATTLE WA 40226 000009 Card#7349,-41.72,1136.55,,
4/2/26,,WALGREENS STORE WINSTON SALEM NC 40226 606744 Card#5412,-28.64,1178.27,,
4/2/26,,HARRIS TEETER #0 WINSTON SALEM NC 40226 003879 Card#5412,-22.58,1206.91,,
4/2/26,,DOLLAR TREE WINSTON SALEM NC 40226 039351 Card#5412,-17.92,1229.49,,
4/2/26,,APPLE.COM/BILL CUPERTINO CA 40126 038279 Card#7349,-9.99,1247.41,,
4/2/26,,OLB Transfer from *448 to *535 Transfer,1000,1257.4,,
4/1/26,,Daily Ledger Bal,,257.4,,
4/1/26,,Spectrum SAINT LOUIS MO 33126 682849 Card#7349,-120,257.4,,
4/1/26,,AMAZON.COM*BG7JT SEATTLE WA 40126 502068 Card#7349,-66.64,377.4,,
4/1/26,,AMAZON.COM*BG9FK SEATTLE WA 40126 540000 Card#7349,-51.35,444.04,,
4/1/26,,AMAZON.COM*BC7QR SEATTLE WA 40126 393800 Card#7349,-41.72,495.39,,
4/1/26,,AMAZON.COM*BC062 SEATTLE WA 40126 400000 Card#7349,-39.58,537.11,,
3/31/26,,Daily Ledger Bal,,576.69,,
3/31/26,,OLB Transfer from *535 to *448 Transfer,-1477,576.69,,
3/31/26,,COSTCO WHSE #03 WINSTON SALEM NC 33126 585383 Card#5412,-135.25,2053.69,,
3/31/26,,HOMEGOODS #216 WINSTON SALEM NC 33126 894501 Card#5412,-83.42,2188.94,,
3/31/26,,PHI THETA KAPPA 6019843504 MS 33026 285972 Card#5412,-70,2272.36,,
3/31/26,,PAYPAL*GRIFFIN S CLEMMONS NC 33126 475726 Card#7349,1477.17,2342.36,,
3/30/26,,Daily Ledger Bal,,865.19,,
3/30/26,,TRACTOR-SUPPLY-C CLEMMONS NC 32826 415676 Card#7349,-185.6,865.19,,
3/30/26,,C AND H CAFETERI KERNERSVILLE NC 32726 397081 Card#7349,-49.6,1050.79,,
3/30/26,,BPS SUCCESS SAN JOSE CA 33026 277141 Card#7349,-49,1100.39,,
3/30/26,,C AND H CAFETERI KERNERSVILLE NC 32926 554145 Card#7349,-46.05,1149.39,,
3/30/26,,O'REILLY 3957 CLEMMONS NC 32826 936403 Card#7349,-45.43,1195.44,,
3/30/26,,CIRCLE K 01539 4 LEWISVILLE NC 32726 302859 Card#7349,-43.97,1240.87,,
3/30/26,,LinkedInPreA *76 MOUNTAIN VIEW CA 32826 593689 Card#7349,-42.79,1284.84,,
3/30/26,,FOOD LION #1062 LEWISVILLE NC 32826 349305 Card#7349,-21.38,1327.63,,
3/30/26,,USPS PO 36443200 LEWISVILLE NC 33026 850939 Card#7349,-15.6,1349.01,,
3/30/26,,BOJANGLES 553 CLEMMONS NC 32626 945963 Card#7349,-15.46,1364.61,,
3/30/26,,AMAZON.COM*B50X9 SEATTLE WA 32726 360000 Card#7349,-13.88,1380.07,,
3/30/26,,WHOLEFDS WIN 101 WINSTON-SALEM NC 32726 211907 Card#5412,-12.83,1393.95,,
3/30/26,,OLB Transfer from *448 to *535 Transfer,800,1406.78,,
3/30/26,,AMAZON.COM SEATTLE WA 32726 400000 Card#7349,23.49,606.78,,
3/27/26,,Daily Ledger Bal,,583.29,,
3/27/26,,DILLARDS 517 OAK HIGH POINT NC 32726 110056 Card#5412,-69.35,583.29,,
3/27/26,,VUESCAN SOFTWARE SUNNY ISLES B FL 32626 632511 Card#7349,-33.96,652.64,,
3/27/26,,PUBLIX SUPER MAR WINSTON-SALEM NC 32626 045928 Card#5412,-33.63,686.6,,
3/27/26,,SALEM KITCHEN WINSTON SALEM NC 32626 078875 Card#5412,-32.1,720.23,,
3/27/26,,WHOLEFDS WIN 101 WINSTON-SALEM NC 32626 244857 Card#5412,-18.35,752.33,,
3/27/26,,MICROSOFT*MICROS REDMOND WA 32726 137178 Card#7349,-13.9,770.68,,
3/27/26,,AMAZON.COM*B51A3 SEATTLE WA 32726 000004 Card#7349,-9.08,784.58,,
3/27/26,,OLB Transfer from *448 to *535 Transfer,1000,793.66,,
3/26/26,,Daily Ledger Bal,,-206.34,,
3/26/26,,Paid Item Fee,-30,-206.34,,
3/26/26,,WHOLEFDS WIN 101 WINSTON-SALEM NC 32626 150800 Card#5412,-149.36,-176.34,,
3/26/26,,SQ *FRADY?S TAPH HIGH POINT NC 32526 801875 Card#7349,-98.88,-26.98,,
3/25/26,,Daily Ledger Bal,,71.9,,
3/25/26,3074,Check,-125,71.9,,
3/25/26,,DILLARDS 517 OAK HIGH POINT NC 32526 122262 Card#7349,-261.43,196.9,,
3/25/26,,WHOLEFDS WIN 101 WINSTON-SALEM NC 32426 335578 Card#5412,-50.7,458.33,,
3/25/26,,COSTCO GAS #036 WINSTON SALEM NC 32426 257780 Card#5412,-46.04,509.03,,
3/25/26,,AMAZON.COM*B58AN SEATTLE WA 32426 600000 Card#7349,-26.71,555.07,,
3/25/26,,4314 GREAT CLIPS CLEMMONS NC 32426 754502 Card#7349,-25,581.78,,
3/25/26,,SP GEORGIA BOOT NELSONVILLE OH 32426 088532 Card#5412,117.71,606.78,,
3/25/26,,SP GEORGIA BOOT NELSONVILLE OH 32526 350197 Card#5412,117.71,489.07,,
3/24/26,,Daily Ledger Bal,,371.36,,
3/24/26,,OLB Transfer from *535 to *448 Transfer,-1624.93,371.36,,
3/24/26,,SHEETZ 2493 DOBSON NC 32326 339318 Card#7349,-88.82,1996.29,,
3/24/26,,DOS AMIGOS MEXIC CONOVER NC 32226 218849 Card#7349,-70.85,2085.11,,
3/24/26,,AMAZON PRIME*ZF9 SEATTLE WA 32326 294725 Card#7349,-16.04,2155.96,,
3/24/26,,DNH*GODADDY#4046 TEMPE AZ 32326 246978 Card#7349,-9.99,2172,,
3/24/26,,PAYPAL*GRIFFIN S CLEMMONS NC 32426 228725 Card#7349,1624.93,2181.99,,
3/23/26,,Daily Ledger Bal,,557.06,,
3/23/26,,DUKEENERGYCORPOR WEB_PAY 4700130001 1101368049,-300,557.06,,
3/23/26,,TMOBILE*AUTO PAY BELLEVUE WA 32026 189788 Card#7349,-146.06,857.06,,
3/23/26,,DILLARDS 145 HAN WINSTON SALEM NC 32326 019401 Card#5412,-105.93,1003.12,,
3/23/26,,FOOD LION #1062 LEWISVILLE NC 32226 425554 Card#7349,-74.41,1109.05,,
3/23/26,,STRATFORD ROAD E WINSTON SALEM NC 32126 593577 Card#5412,-40.54,1183.46,,
3/23/26,,DILLARDS 145 HAN WINSTON SALEM NC 32326 059461 Card#5412,-22.28,1224,,
3/23/26,,COOK OUT CLEMMON CLEMMONS NC 32026 498707 Card#7349,-18.49,1246.28,,
3/23/26,,THE UPS STORE 42 LEWISVILLE NC 32026 633940 Card#7349,-17.1,1264.77,,
3/23/26,,DOMINO'S 4459 CLEMMONS NC 32026 608632 Card#7349,-16.34,1281.87,,
3/23/26,,LOWE'S FOODS #17 LEWISVILLE NC 32126 940143 Card#7349,-15.16,1298.21,,
3/23/26,,CTLP*LAUNDRY LAN DANVILLE VA 32026 696055 Card#7349,-6.5,1313.37,,
3/23/26,,ATM Withdrawal NC WINSTON SALEM WINSTON SALEM NC 32126 004993 Card#5412,-500,1319.87,,
3/23/26,,OLB Transfer from *448 to *535 Transfer,500,1819.87,,
3/23/26,,DILLARDS 145 HAN WINSTON-SALEM NC 32026 011154 Card#5412,128.38,1319.87,,
3/20/26,,Daily Ledger Bal,,1191.49,,
3/20/26,,Interest Deposit,0.01,1191.49,,
3/20/26,,PANCHO VILLA MEX WINSTON SALEM NC 31826 151588 Card#7349,-92.03,1191.48,,
3/20/26,,PARKING ADMIN GREENSBORO NC 31926 994275 Card#5412,-1,1283.51,,
3/20/26,,PARKING ADMIN GREENSBORO NC 31926 997234 Card#5412,-1,1284.51,,
3/20/26,,OLB Transfer from *448 to *535 Transfer,1000,1285.51,,
3/19/26,,Daily Ledger Bal,,285.51,,
3/19/26,,DUKEENERGYCORPOR WEB_PAY 4700130001 1101368049,-500,285.51,,
3/19/26,,LINGUAMEETING LL 7135748445 MS 31826 257282 Card#7349,5,785.51,,
3/18/26,,Daily Ledger Bal,,780.51,,
3/18/26,,AMAZON.COM*BD9IQ SEATTLE WA 31726 364255 Card#7349,-246.09,780.51,,
3/18/26,,BP#1088100QUALI LEWISVILLE NC 31726 796954 Card#7349,-34.65,1026.6,,
3/18/26,,AMAZON.COM*BP2A2 SEATTLE WA 31726 100000 Card#7349,-23.49,1061.25,,
3/18/26,,APPLE.COM/BILL CUPERTINO CA 31726 930224 Card#7349,-14.19,1084.74,,
3/18/26,,GOOGLE *Google O MOUNTAIN VIEW CA 31726 408959 Card#7349,-9.99,1098.93,,
3/18/26,,PAYPAL*GRIFFIN S CLEMMONS NC 31726 198221 Card#7349,1772.7,1108.92,,
3/17/26,,Daily Ledger Bal,,-663.78,,
3/17/26,,Paid Item Fee,-30,-663.78,,
3/17/26,,MUTUAL OF OMAHA 8007756000 LTCMD46511 S Tammy Wilson,-215.67,-633.78,,
3/17/26,,Paid Item Fee,-30,-418.11,,
3/17/26,,WINDSTREAM WSC ACH 4728201000 GRIFFIN STEVE,-74.3,-388.11,,
3/17/26,,Paid Item Fee,-30,-313.81,,
3/17/26,,OLB Transfer from *535 to *448 Transfer,-1772.7,-283.81,,
3/17/26,,LINGUAMEETING LL 7135748445 MS 31626 219294 Card#7349,-45,1488.89,,
3/17/26,,APPLE.COM/BILL CUPERTINO CA 31626 058307 Card#7349,-10.7,1533.89,,
3/17/26,,OLB Transfer from *448 to *535 Transfer,500,1544.59,,
3/16/26,,Daily Ledger Bal,,1044.59,,
3/16/26,,PROV L&A DIS OP INS.PREM 9725125003 STEVE A GRIFFIN,-254.06,1044.59,,
3/16/26,,CINTI LIF INS CO PREM DEBIT 1311213778 STEVEN GRIFFIN,-234.96,1298.65,,
3/16/26,,PUBLIX SUPER MAR CLEMMONS NC 31526 059001 Card#7349,-52.22,1533.61,,
3/16/26,,HARVEST 6467557737 NY 31426 966866 Card#7349,-12,1585.83,,
3/16/26,,ATM Withdrawal NC WINSTON SALEM WINSTON SALEM NC 31426 005802 Card#5412,-500,1597.83,,
3/16/26,,ATM Withdrawal NC WINSTON SALEM WINSTON SALEM NC 31426 005803 Card#5412,-200,2097.83,,
3/16/26,,Mobile Deposit - DDA,500,2297.83,,
3/16/26,,OLB Transfer from *448 to *535 Transfer,770,1797.83,,
3/13/26,,Daily Ledger Bal,,1027.83,,
3/13/26,,SP GEORGIA BOOT NELSONVILLE OH 31226 151247 Card#5412,-235.42,1027.83,,
3/13/26,,SP BEEK NEWPORT BEACH CA 31226 785177 Card#5412,-148,1263.25,,
3/13/26,,J. JILL STORE 25 WINSTON SALEM NC 31226 275491 Card#5412,-99.19,1411.25,,
3/13/26,,CHOICE HOME WARR EDISON NJ 31226 359215 Card#7349,-97.63,1510.44,,
3/13/26,,SPRING TAILOR WINSTON SALEM NC 31226 346901 Card#5412,-83,1608.07,,
3/13/26,,MONTE DE REY OF CLEMMONS NC 31126 688613 Card#7349,-55.98,1691.07,,
3/13/26,,THRIFT BOOKS GLO 2532752241 WA 31026 895466 Card#7349,-28.3,1747.05,,
3/13/26,,OLB Transfer from *448 to *535 Transfer,1000,1775.35,,
3/12/26,,Daily Ledger Bal,,775.35,,
3/12/26,,SWP*REVCO SOLUTI COLUMBUS OH 31126 515403 Card#7349,-84.35,775.35,,
3/12/26,,DNH*GODADDY#4036 TEMPE AZ 31126 648059 Card#7349,-23.99,859.7,,
3/12/26,,COVENANT EYES OWOSSO MI 31126 188319 Card#7349,-18,883.69,,
3/11/26,,Daily Ledger Bal,,901.69,,
3/11/26,,US BANK HOME MTG MTGPYMENT 5150841368 S STEVEN A GRIFFIN,-2520.66,901.69,,
3/11/26,,Allegacy Federal P2PEXT XFR 1566087383 S STEVEN GRIFFIN,-1116.02,3422.35,,
3/11/26,,TFSBillPay.com 8 JERICHO NY 31026 535113 Card#7349,-291.99,4538.37,,
3/11/26,,GFL - ENV RALEIGH NC 31026 397901 Card#7349,-55.62,4830.36,,
3/11/26,,SLACK T0922P4PME SAN FRANCISCO CA 31126 134410 Card#7349,-8.75,4885.98,,
3/10/26,,Daily Ledger Bal,,4894.73,,
3/10/26,,CINTI LIF INS CO PREM DEBIT 1311213778 TAMMY WILSON,-139.92,4894.73,,
3/10/26,,ACI***AccessOne Web Pay 1222528268 TAMMY WILSON,-25,5034.65,,
3/10/26,,TRAVELERS PER IN HARTFORD CT 30926 013331 Card#7349,-434.04,5059.65,,
3/10/26,,DILLARDS 698 DIL MAUMELLE AR 31026 844066 Card#5412,-192.57,5493.69,,
3/10/26,,OLB Transfer from *448 to *535 Transfer,3636.68,5686.26,,
3/10/26,,GUSTO ACCTVERIFY 9138864003 Steve Griffin,0.01,2049.58,,
3/9/26,,Daily Ledger Bal,,2049.57,,
3/9/26,,WHOLEFDS WIN 101 WINSTON-SALEM NC 30926 106896 Card#5412,-174.53,2049.57,,
3/9/26,,WHOLEFDS WIN 101 WINSTON-SALEM NC 30826 865085 Card#5412,-154.83,2224.1,,
3/9/26,,eBay O*03-14342- SAN JOSE CA 30726 099971 Card#7349,-80.04,2378.93,,
3/9/26,,AMAZON.COM*BP1KZ SEATTLE WA 30726 100000 Card#7349,-69.52,2458.97,,
3/9/26,,C AND H CAFETERI KERNERSVILLE NC 30826 569343 Card#7349,-63.65,2528.49,,
3/9/26,,EGO HOUR STRATFO WINSTON SALEM NC 30526 288825 Card#5412,-60,2592.14,,
3/9/26,,FOOD LION #1062 LEWISVILLE NC 30726 355808 Card#7349,-38.39,2652.14,,
3/9/26,,CIRCLE K 01539 4 LEWISVILLE NC 30926 531622 Card#5412,-35.46,2690.53,,
3/9/26,,JERSEY MIKES 314 CLEMMONS NC 30626 061192 Card#7349,-31.86,2725.99,,
3/9/26,,AMAZON.COM*BP47B SEATTLE WA 30726 000003 Card#7349,-24.97,2757.85,,
3/9/26,,AMAZON.COM*BP0YF SEATTLE WA 30826 760000 Card#7349,-8.55,2782.82,,
3/9/26,,Prime Video Chan SEATTLE WA 30726 867815 Card#7349,-2.13,2791.37,,
3/6/26,,Daily Ledger Bal,,2793.5,,
3/6/26,,Country Farm And PITTSBORO NC 30626 939975 Card#5412,-238.57,2793.5,,
3/6/26,,TST*RIVER BIRCH WINSTON-SALEM NC 30526 789780 Card#7349,-82.08,3032.07,,
3/6/26,,CIRCLE K 01539 4 LEWISVILLE NC 30626 756041 Card#7349,-52.67,3114.15,,
3/6/26,,MARATHON 266213 PITTSBORO NC 30626 866226 Card#5412,-40.82,3166.82,,
3/6/26,,WEAVER STREET MA CARRBORO NC 30626 914259 Card#5412,-35.57,3207.64,,
3/6/26,,Country Farm And PITTSBORO NC 30626 036341 Card#5412,-27.99,3243.21,,
3/6/26,,TRACTOR-SUPPLY-C CLEMMONS NC 30626 069623 Card#7349,-20.32,3271.2,,
3/6/26,,AIRWALLEX pay_M6ir0x 1371913769 Steve Griffin,120.8,3291.52,,
3/6/26,,AMAZON.COM SEATTLE WA 30626 100000 Card#7349,26.85,3170.72,,
3/6/26,,AMAZON.COM SEATTLE WA 30626 170000 Card#7349,12.83,3143.87,,
3/5/26,,Daily Ledger Bal,,3131.04,,
3/5/26,,SBA EIDL LOAN PAYMENT 7300000118 R STEVE GRIFFIN,-120,3131.04,,
3/5/26,,AMAZON.COM*BE0FW SEATTLE WA 30526 600000 Card#7349,-180.83,3251.04,,
3/5/26,,SEA PRODUCTS INC WINSTON SALEM NC 30526 833965 Card#5412,-87.18,3431.87,,
3/5/26,,WHOLEFDS WIN 101 WINSTON-SALEM NC 30526 033631 Card#7349,-37.68,3519.05,,
3/5/26,,"NEW GROWTH PRESS PAYROLL 9111111101 GRIFFIN,STEVEN A",2870.17,3556.73,,
3/5/26,,AMAZON.COM SEATTLE WA 30526 700000 Card#7349,26.73,686.56,,
3/4/26,,Daily Ledger Bal,,659.83,,
3/4/26,,ACADEMY SPORTS # WINSTON SALEM NC 30426 034236 Card#5412,-112.52,659.83,,
3/4/26,,ACADEMY SPORTS # WINSTON SALEM NC 30426 014020 Card#5412,-48.15,772.35,,
3/4/26,,AMAZON.COM*BP1WX SEATTLE WA 30326 430000 Card#7349,-26.73,820.5,,
3/4/26,,APPLE.COM/BILL CUPERTINO CA 30426 596864 Card#5412,-2.99,847.23,,
3/3/26,,Daily Ledger Bal,,850.22,,
3/3/26,,Blue Cross NC ww IND DRAFT 1222528268 R STEVE GRIFFIN,-254.6,850.22,,
3/3/26,,MUTUAL OF OMAHA 8007756000 LTCMD46511 S Steve Griffin,-149.88,1104.82,,
3/3/26,,Blue Cross NC ww IND DRAFT 1222528268 R STEVE GRIFFIN,-71.58,1254.7,,
3/3/26,,Blue Cross NC ww IND DRAFT 1222528268 R STEVE GRIFIN,-32.72,1326.28,,
3/3/26,,Spectrum 855-707-7328 MO 30226 092350 Card#7349,-120,1359,,
3/3/26,,MEDITERRANEO PIZ CLEMMONS NC 30126 782882 Card#7349,-85.94,1479,,
3/3/26,,WAL-MART #3626 WINSTON SALEM NC 30326 621083 Card#5412,-43.83,1564.94,,
3/3/26,,OLB Transfer from *448 to *535 Transfer,1000,1608.77,,
3/2/26,,Daily Ledger Bal,,608.77,,
3/2/26,,MILNERS AMERICAN WINSTON SALEM NC 22726 451083 Card#7349,-183.41,608.77,,
3/2/26,,WHOLEFDS WIN 101 WINSTON-SALEM NC 22826 126207 Card#5412,-179.94,792.18,,
3/2/26,,TRACTOR-SUPPLY-C CLEMMONS NC 22826 507261 Card#7349,-172.63,972.12,,
3/2/26,,LinkedInPreA *26 MOUNTAIN VIEW CA 22826 595293 Card#7349,-42.79,1144.75,,
3/2/26,,AMAZON.COM*B91FT SEATTLE WA 30126 400000 Card#7349,-31.02,1187.54,,
3/2/26,,JERSEY MIKES 314 CLEMMONS NC 22826 287933 Card#7349,-30.57,1218.56,,
3/2/26,,COSTCO GAS #036 WINSTON SALEM NC 22826 285409 Card#5412,-30.38,1249.13,,
3/2/26,,eBay O*21-14282- SAN JOSE CA 22826 072024 Card#7349,-16.23,1279.51,,
3/2/26,,APPLE.COM/BILL CUPERTINO CA 30126 910421 Card#7349,-9.99,1295.74,,
3/2/26,,ATM Withdrawal NC WINSTON SALEM WINSTON SALEM NC 22826 004777 Card#5412,-400,1305.73,,
3/2/26,,OLB Transfer from *448 to *535 Transfer,500,1705.73,,
3/2/26,,OLB Transfer from *448 to *535 Transfer,500,1205.73,,
2/27/26,,Daily Ledger Bal,,705.73,,
2/27/26,,JC WARD DDS PLLC LEWISVILLE NC 22626 236290 Card#5412,-63.78,705.73,,
2/27/26,,AMAZON.COM*B900M SEATTLE WA 22626 200000 Card#7349,-26.85,769.51,,
2/27/26,,MICROSOFT*MICROS REDMOND WA 22626 310212 Card#7349,-13.9,796.36,,
2/27/26,,AMAZON.COM*B9040 SEATTLE WA 22726 400000 Card#7349,-12.83,810.26,,
2/26/26,,Daily Ledger Bal,,823.09,,
2/26/26,3073,Check,-75,823.09,,
2/26/26,,BOJANGLES 2042 CLEMMONS NC 22426 787642 Card#7349,-20.05,898.09,,
2/25/26,,Daily Ledger Bal,,918.14,,
2/25/26,,BP#2721300CUTTE YADKINVILLE NC 22526 040039 Card#7349,-51.76,918.14,,
2/25/26,,KRISPY KREME 029 CLEMMONS NC 22426 124572 Card#7349,-14.74,969.9,,
2/25/26,,AMAZON.COM SEATTLE WA 22426 400000 Card#7349,23.53,984.64,,
2/25/26,,AMAZON.COM SEATTLE WA 22426 600000 Card#7349,19.25,961.11,,
2/25/26,,AMAZON.COM SEATTLE WA 22426 200000 Card#7349,9.08,941.86,,
2/24/26,,Daily Ledger Bal,,932.78,,
2/24/26,,MARCOS CAR WASH WINSTON SALEM NC 22126 654649 Card#7349,-49.16,932.78,,
2/24/26,,AMAZON PRIME*MV6 SEATTLE WA 22326 543753 Card#7349,-16.04,981.94,,
2/24/26,,MARCOS CAR WASH WINSTON SALEM NC 22126 641195 Card#7349,-10,997.98,,
2/24/26,,DNH*GODADDY#4023 TEMPE AZ 22326 592650 Card#7349,-9.99,1007.98,,
2/23/26,,Daily Ledger Bal,,1017.97,,
2/23/26,,TMOBILE*AUTO PAY BELLEVUE WA 22026 990862 Card#7349,-161.12,1017.97,,
2/23/26,,TST*RIVER BIRCH WINSTON-SALEM NC 22126 634317 Card#7349,-88.39,1179.09,,
2/23/26,,COSTCO WHSE #03 WINSTON SALEM NC 22326 562875 Card#5412,-79.22,1267.48,,
2/23/26,,VIOC GM0001 WINSTON-SALEM NC 22126 849430 Card#5412,-71.04,1346.7,,
2/23/26,,OPC*DAVIDSONCO C THOMASVILLE NC 22026 518463 Card#7349,-55,1417.74,,
2/23/26,,JERSEY MIKES 324 WINSTON SALEM NC 22226 119287 Card#7349,-44.34,1472.74,,
2/23/26,,COSTCO GAS #036 WINSTON SALEM NC 22326 653889 Card#5412,-28.51,1517.08,,
2/23/26,,JERSEY MIKES 314 CLEMMONS NC 21926 238605 Card#7349,-13.11,1545.59,,
2/23/26,,AMAZON.COM*CY080 SEATTLE WA 22026 100000 Card#7349,-10.69,1558.7,,
2/23/26,,Smithermans Hard LEWISVILLE NC 22026 814522 Card#7349,-6.72,1569.39,,
2/23/26,,ATM Withdrawal NC WINSTON SALEM WINSTON SALEM NC 22126 005605 Card#5412,-500,1576.11,,
2/23/26,,ATM Withdrawal NC WINSTON SALEM WINSTON SALEM NC 22126 005606 Card#5412,-260,2076.11,,
2/23/26,,OLB Transfer from *448 to *535 Transfer,1000,2336.11,,
2/20/26,,Daily Ledger Bal,,1336.11,,
2/20/26,,Interest Deposit,0.01,1336.11,,
2/20/26,3072,Check,-75,1336.1,,
2/20/26,,WHOLEFDS WIN 101 WINSTON-SALEM NC 22026 161252 Card#5412,-281.81,1411.1,,
2/20/26,,HARRIS TEETER #0 CLEMMONS NC 21926 501397 Card#7349,-11.89,1692.91,,
2/19/26,,Daily Ledger Bal,,1704.8,,
2/19/26,,APPLE.COM/BILL CUPERTINO CA 21726 053698 Card#7349,-14.19,1704.8,,
2/19/26,,AMAZON.COM*B93QZ SEATTLE WA 21926 000008 Card#7349,-9.62,1718.99,,
2/19/26,,AMERICAN FUNDS REDEMPTION 4952566717 STEVEN A GRIFFIN,412,1728.61,,
2/18/26,,Daily Ledger Bal,,1316.61,,
2/18/26,,MUTUAL OF OMAHA 8007756000 LTCMD46511 S Tammy Wilson,-215.67,1316.61,,
2/18/26,,PFAFFS INCORPORA WINSTON-SALEM NC 21626 747242 Card#5412,-13.12,1532.28,,
2/18/26,,GOOGLE *Google O MOUNTAIN VIEW CA 21726 271001 Card#7349,-9.99,1545.4,,
2/17/26,,Daily Ledger Bal,,1555.39,,
2/17/26,,PROV L&A DIS OP INS.PREM 9725125003 STEVE A GRIFFIN,-254.06,1555.39,,
2/17/26,,CINTI LIF INS CO PREM DEBIT 1311213778 STEVEN GRIFFIN,-234.96,1809.45,,
2/17/26,,WINDSTREAM WSC ACH 4728201000 GRIFFIN STEVE,-74.3,2044.41,,
2/17/26,,CHASSCHOOLOFID NORTH CHARLES SC 21626 421730 Card#7349,-395,2118.71,,
2/17/26,,WHOLEFDS WIN 101 WINSTON-SALEM NC 21726 161392 Card#5412,-63.49,2513.71,,
2/17/26,,HARRIS TEETER #2 CLEMMONS NC 21726 128042 Card#7349,-60.34,2577.2,,
2/17/26,,COSTCO GAS #036 WINSTON SALEM NC 21726 656929 Card#5412,-29.66,2637.54,,
2/17/26,,SQ *APPALACHIAN BLOWING ROCK NC 21326 030388 Card#7349,-29.62,2667.2,,
2/17/26,,SQ *APPALACHIAN BLOWING ROCK NC 21326 832659 Card#5412,-17.08,2696.82,,
2/17/26,,AMAZON.COM SEATTLE WA 21626 235956 Card#7349,-14.87,2713.9,,
2/17/26,,HARVEST 6467557737 NY 21426 846986 Card#7349,-12,2728.77,,
2/17/26,,APPLE.COM/BILL CUPERTINO CA 21626 733000 Card#7349,-10.7,2740.77,,
2/17/26,,AMAZON.COM*9776S SEATTLE WA 21626 500000 Card#7349,-5.23,2751.47,,
2/17/26,,COSTCO WHSE #03 WINSTON SALEM NC 21726 934503 Card#5412,-3.21,2756.7,,
2/17/26,,ATM Withdrawal NC WINSTON SALEM WINSTON SALEM NC 21626 004623 Card#5412,-500,2759.91,,
2/17/26,,OLB Transfer from *448 to *535 Transfer,1000,3259.91,,
2/17/26,,OLB Transfer from *448 to *535 Transfer,1000,2259.91,,
2/17/26,,OLB Transfer from *448 to *535 Transfer,1000,1259.91,,
2/13/26,,Daily Ledger Bal,,259.91,,
2/13/26,3071,Check,-579,259.91,,
2/13/26,3070,Check,-100,838.91,,
2/13/26,,SQ *MAX APPLIANC LEWISVILLE NC 21226 431158 Card#7349,-104,938.91,,
2/13/26,,CHOICE HOME WARR EDISON NJ 21226 361524 Card#7349,-97.63,1042.91,,
2/13/26,,APPALACHIAN SKI BLOWING ROCK NC 21226 491113 Card#7349,-59,1140.54,,
2/13/26,,J&M GENERAL STOR BLOWING ROCK NC 21326 482160 Card#7349,-29.32,1199.54,,
2/13/26,,ALPINE SKI SHOP- BLOWING ROCK NC 21326 785988 Card#7349,-21.35,1228.86,,
2/12/26,,Daily Ledger Bal,,1250.21,,
2/12/26,,SWP*REVCO SOLUTI COLUMBUS OH 21126 999381 Card#7349,-84.35,1250.21,,
2/12/26,,DNH*GODADDY#4015 TEMPE AZ 21126 877378 Card#7349,-23.99,1334.56,,
2/12/26,,COVENANT EYES OWOSSO MI 21126 738930 Card#7349,-18,1358.55,,
2/11/26,,Daily Ledger Bal,,1376.55,,
2/11/26,,TFSBillPay.com 8 JERICHO NY 21026 269043 Card#7349,-291.99,1376.55,,
2/11/26,,SLACK T0922P4PME SAN FRANCISCO CA 21126 451998 Card#7349,-8.75,1668.54,,
2/11/26,,AMERICAN FUNDS REDEMPTION 4952566717 STEVEN A GRIFFIN,336,1677.29,,
2/10/26,,Daily Ledger Bal,,1341.29,,
2/10/26,,CINTI LIF INS CO PREM DEBIT 1311213778 TAMMY WILSON,-139.92,1341.29,,
2/10/26,,ACI***AccessOne Web Pay 1222528268 TAMMY WILSON,-25,1481.21,,
2/10/26,,TRAVELERS PER IN HARTFORD CT 20926 646075 Card#7349,-434.04,1506.21,,
2/10/26,,PFAFFS INCORPORA WINSTON-SALEM NC 20926 930188 Card#7349,-57.78,1940.25,,
2/10/26,,FOOD LION #1062 LEWISVILLE NC 20926 348313 Card#7349,-56.05,1998.03,,
2/10/26,,DOMINO'S 5554 LEWISVILLE NC 20926 338516 Card#7349,-40,2054.08,,
2/10/26,,Cashed Check,-500,2094.08,,
2/10/26,,OLB Transfer from *448 to *535 Transfer,1000,2594.08,,
2/9/26,,Daily Ledger Bal,,1594.08,,
2/9/26,,US BANK HOME MTG MTGPYMENT 5150841368 S STEVEN A GRIFFIN,-2095.43,1594.08,,
2/9/26,,Allegacy Federal P2PEXT XFR 1566087383 S STEVEN GRIFFIN,-1121.96,3689.51,,
2/9/26,,DUKEENERGYCORPOR WEB_PAY 4700130001 1101368049,-537.61,4811.47,,
2/9/26,,LIVING WATERS SP CANBY OR 20826 291189 Card#7349,-336,5349.08,,
2/9/26,,WHOLEFDS WIN 101 WINSTON-SALEM NC 20726 160072 Card#5412,-185.73,5685.08,,
2/9/26,,Walmart.com BENTONVILLE AR 20526 046458 Card#7349,-81.2,5870.81,,
2/9/26,,PANCHO VILLA MEX WINSTON SALEM NC 20726 123141 Card#7349,-67.45,5952.01,,
2/9/26,,ANGELINA S TEA WINSTON SALEM NC 20726 000062 Card#7349,-44.88,6019.46,,
2/9/26,,COSTCO GAS #036 WINSTON SALEM NC 20726 932906 Card#7349,-29.43,6064.34,,
2/9/26,,4314 GREAT CLIPS CLEMMONS NC 20626 731923 Card#7349,-28,6093.77,,
2/9/26,,KRISPY KREME 010 WINSTON-SALEM NC 20726 687168 Card#7349,-17.3,6121.77,,
2/9/26,,OLB Transfer from *448 to *535 Transfer,1000,6139.07,,
2/6/26,,Daily Ledger Bal,,5139.07,,
2/6/26,,MCDONALD'S F1030 WINSTON SALEM NC 20526 999903 Card#7349,-9.94,5139.07,,
2/6/26,,OLB Transfer from *448 to *535 first mortgage,2095.43,5149.01,,
2/6/26,,AIRWALLEX pay_x5WD4y 1371913769 Steve Griffin,120.8,3053.58,,
2/5/26,,Daily Ledger Bal,,2932.78,,
2/5/26,,SBA EIDL LOAN PAYMENT 7300000118 R STEVE GRIFFIN,-120,2932.78,,
2/5/26,,LOWE'S FOODS #1 LEWISVILLE NC 20526 043206 Card#7349,-21.92,3052.78,,
2/5/26,,Harbor Freight T WINSTON SALEM NC 20526 000113 Card#7349,-21.39,3074.7,,
2/5/26,,THRIFT BOOKS GLO 2532752241 WA 20226 942130 Card#7349,-13.67,3096.09,,
2/5/26,,"NEW GROWTH PRESS PAYROLL 9111111101 GRIFFIN,STEVEN A",3285.22,3109.76,,
2/5/26,,WAL-MART #2472 WINSTON SALEM NC 20426 265818 Card#5412,26.69,-175.46,,
2/4/26,,Daily Ledger Bal,,-202.15,,
2/4/26,,Paid Item Fee,-30,-202.15,,
2/4/26,,APPLE.COM/BILL CUPERTINO CA 20426 406232 Card#5412,-2.99,-172.15,,
2/3/26,,Daily Ledger Bal,,-169.16,,
2/3/26,,Paid Item Fee,-30,-169.16,,
2/3/26,,Blue Cross NC ww IND DRAFT 1222528268 R STEVE GRIFFIN,-254.6,-139.16,,
2/3/26,,MUTUAL OF OMAHA 8007756000 LTCMD46511 S Steve Griffin,-149.88,115.44,,
2/3/26,,Blue Cross NC ww IND DRAFT 1222528268 R STEVE GRIFFIN,-47.72,265.32,,
2/3/26,,Blue Cross NC ww IND DRAFT 1222528268 R STEVE GRIFIN,-32.72,313.04,,
2/2/26,,Daily Ledger Bal,,345.76,,
2/2/26,3069,Check,-75,345.76,,
2/2/26,,Spectrum 855-707-7328 MO 13126 970461 Card#7349,-115,420.76,,
2/2/26,,LinkedInPreA *80 MOUNTAIN VIEW CA 13026 902236 Card#7349,-42.79,535.76,,
2/2/26,,BOJANGLES 2042 CLEMMONS NC 13026 812310 Card#5412,-21.16,578.55,,
2/2/26,,APPLE.COM/BILL CUPERTINO CA 20126 277419 Card#7349,-9.99,599.71,,
2/2/26,,FOOD LION #1359 ADVANCE NC 20126 124430 Card#7349,-6.11,609.7,,
2/2/26,,OLB Transfer from *448 to *535 Transfer,600,615.81,,
1/30/26,,Daily Ledger Bal,,15.81,,
1/30/26,,WHOLEFDS WIN 101 WINSTON-SALEM NC 13026 838838 Card#5412,-56.97,15.81,,
1/30/26,,DOLLAR GENERAL # CLEMMONS NC 13026 262283 Card#5412,-8.56,72.78,,
1/29/26,,Daily Ledger Bal,,81.34,,
1/29/26,,WHOLEFDS WIN 101 WINSTON-SALEM NC 12926 842387 Card#5412,-91.61,81.34,,
1/29/26,,GRECIAN CO* GREC WINSTON SALEM NC 12826 138788 Card#7349,-68.59,172.95,,
1/29/26,,CIRCLE K 01539 4 LEWISVILLE NC 12926 139903 Card#5412,-24.49,241.54,,
1/28/26,,Daily Ledger Bal,,266.03,,
1/28/26,,WHOLEFDS WIN 101 WINSTON-SALEM NC 12826 260513 Card#5412,-141.22,266.03,,
1/28/26,,TRADER JOE S #74 WINSTONSALEM NC 12826 375641 Card#5412,-70.1,407.25,,
1/28/26,,PUBLIX SUPER MAR WINSTON-SALEM NC 12826 050049 Card#5412,-58.07,477.35,,
1/28/26,,AMAZON.COM*KB6QW SEATTLE WA 12826 000003 Card#7349,-5.64,535.42,,
1/27/26,,Daily Ledger Bal,,541.06,,
1/27/26,,eBay O*27-14130- SAN JOSE CA 12626 095655 Card#7349,-125.17,541.06,,
1/27/26,,MICROSOFT*MICROS MSBILL.INFO WA 12726 460056 Card#7349,-13.9,666.23,,
1/27/26,,AMERICAN FUNDS REDEMPTION 4952566717 STEVEN A GRIFFIN,357,680.13,,
1/26/26,,Daily Ledger Bal,,323.13,,
1/26/26,,Allegacy Federal P2PEXT XFR 1566087383 S STEVEN GRIFFIN,-1121.96,323.13,,
1/26/26,,DUKEENERGYCORPOR WEB_PAY 4700130001 1101368049,-500,1445.09,,
1/26/26,,NORDRACKCOM88896 LOS ANGELES CA 12326 687919 Card#5412,-194.65,1945.09,,
1/26/26,,WHOLEFDS WIN 101 WINSTON-SALEM NC 12426 106754 Card#5412,-98.18,2139.74,,
1/26/26,,PANCHO VILLA WINSTON-SALEM NC 12326 727058 Card#7349,-81.12,2237.92,,
1/26/26,,TRACTOR-SUPPLY-C CLEMMONS NC 12426 208959 Card#7349,-63.1,2319.04,,
1/26/26,,ANTHROPOLOGIE.CO PHILADELPHIA PA 12226 398004 Card#7349,-62.06,2382.14,,
1/26/26,,EGO HOUR STRATFO WINSTON SALEM NC 12326 656180 Card#5412,-60,2444.2,,
1/26/26,,REAL Q WINSTON SALEM NC 12426 101812 Card#5412,-52.33,2504.2,,
1/26/26,,FOOD LION #1062 LEWISVILLE NC 12426 198377 Card#7349,-47.68,2556.53,,
1/26/26,,HARRIS TEETER #0 CLEMMONS NC 12426 627949 Card#5412,-47.26,2604.21,,
1/26/26,,SALEM KITCHEN WINSTON SALEM NC 12426 628483 Card#5412,-45.9,2651.47,,
1/26/26,,EGO HOUR STRATFO WINSTON SALEM NC 12326 161926 Card#5412,-42.8,2697.37,,
1/26/26,,HOUSE OF PLANTS WINSTON SALEM NC 12326 818301 Card#5412,-32.1,2740.17,,
1/26/26,,SHELL OIL 575440 WINSTON SALEM NC 12326 836970 Card#7349,-30.52,2772.27,,
1/26/26,,SHELL OIL 575440 WINSTON SALEM NC 12326 554279 Card#7349,-29.22,2802.79,,
1/26/26,,SOUTHERN HOME AN WINSTON SALEM NC 12426 100104 Card#5412,-24.62,2832.01,,
1/26/26,,AMAZON.COM*PN6BM SEATTLE WA 12326 770000 Card#7349,-23.53,2856.63,,
1/26/26,,CIRCLE K 01539 4 LEWISVILLE NC 12426 271514 Card#5412,-22.73,2880.16,,
1/26/26,,AMAZON.COM*ND92F SEATTLE WA 12326 200000 Card#7349,-19.25,2902.89,,
1/26/26,,AMAZON PRIME*DW8 SEATTLE WA 12326 393202 Card#7349,-16.04,2922.14,,
1/26/26,,DNH*GODADDY#3999 TEMPE AZ 12326 616046 Card#7349,-9.99,2938.18,,
1/26/26,,CHICK-FIL-A #07 SALISBURY NC 12326 298672 Card#5412,-9.15,2948.17,,
1/26/26,,AMAZON.COM*679JG SEATTLE WA 12326 500000 Card#7349,-9.08,2957.32,,
1/26/26,,STARBUCKS 11922 CLEMMONS NC 12426 002241 Card#5412,-6.05,2966.4,,
1/26/26,,OLB Transfer from *448 to *535 Transfer,700,2972.45,,
1/26/26,,OLB Transfer from *448 to *535 Transfer,500,2272.45,,
1/26/26,,"Garnet Hill, Inc FRANCONIA NH 12326 673419 Card#7349",50.27,1772.45,,
1/26/26,,"Garnet Hill, Inc FRANCONIA NH 12326 673053 Card#7349",13.29,1722.18,,
1/23/26,,Daily Ledger Bal,,1708.89,,
1/23/26,3068,Check,-100,1708.89,,
1/23/26,,THE HOME DEPOT # WINSTON-SALEM NC 12326 001359 Card#7349,-483.99,1808.89,,
1/23/26,,WHOLEFDS WIN 101 WINSTON-SALEM NC 12226 008272 Card#5412,-150.75,2292.88,,
1/23/26,,PUBLIX SUPER MAR WINSTON-SALEM NC 12226 522188 Card#5412,-91.03,2443.63,,
1/23/26,,COSTCO GAS #036 WINSTON SALEM NC 12226 433638 Card#5412,-33.74,2534.66,,
1/23/26,,FOOD LION #2554 CLEMMONS NC 12226 309884 Card#5412,-12.72,2568.4,,
1/23/26,,eBay O*19-14122- SAN JOSE CA 12226 744358 Card#7349,-11.44,2581.12,,
1/23/26,,OLB Transfer from *448 to *535 Transfer,500,2592.56,,
1/22/26,,Daily Ledger Bal,,2092.56,,
1/22/26,,FOOD LION #2554 CLEMMONS NC 12226 300013 Card#5412,-210.68,2092.56,,
1/22/26,,WHOLEFDS WIN 101 WINSTON-SALEM NC 12126 131491 Card#5412,-181.13,2303.24,,
1/22/26,,WALGREENS STORE CLEMMONS NC 12226 207823 Card#5412,-84.4,2484.37,,
1/22/26,,MCDONALD'S F1030 WINSTON SALEM NC 12126 158212 Card#5412,-10.69,2568.77,,
1/22/26,,DOLLAR-GENERAL # CLEMMONS NC 12226 244659 Card#5412,-9.63,2579.46,,
1/22/26,,OLB Transfer from *448 to *535 heloc,1121.96,2589.09,,
1/22/26,,OLB Transfer from *448 to *535 duke power,500,1467.13,,
1/21/26,,Daily Ledger Bal,,967.13,,
1/21/26,,AMAZON.COM*ZH11M SEATTLE WA 12026 064911 Card#7349,-325.75,967.13,,
1/21/26,,TMOBILE*AUTO PAY BELLEVUE WA 12026 129537 Card#7349,-159.53,1292.88,,
1/21/26,,CITGO HAMPTON RO CLEMMONS NC 12126 048981 Card#7349,-56.96,1452.41,,
1/21/26,,AMAZON.COM*X81LR SEATTLE WA 12026 500000 Card#7349,-26.74,1509.37,,
1/21/26,,CITGO HAMPTON RO CLEMMONS NC 12126 060253 Card#7349,-25.25,1536.11,,
1/21/26,,SQ *LOUIE AND HO WINSTON SALEM NC 12026 095149 Card#5412,-14.98,1561.36,,
1/21/26,,COOK OUT KESTER WINSTON SALEM NC 11926 197595 Card#5412,-5.39,1576.34,,
1/21/26,,CTLP*ALISON VEND WINSTONSALEM NC 12026 123135 Card#7349,-2.5,1581.73,,
1/20/26,,Daily Ledger Bal,,1584.23,,
1/20/26,,MUTUAL OF OMAHA 8007756000 LTCMD46511 S Tammy Wilson,-215.67,1584.23,,
1/20/26,,WINDSTREAM WSC ACH 4728201000 GRIFFIN STEVE,-74.3,1799.9,,
1/20/26,,OLB Transfer from *535 to *448 Transfer,-3500,1874.2,,
1/20/26,,WHOLEFDS WIN 101 WINSTON-SALEM NC 11726 148780 Card#5412,-100.71,5374.2,,
1/20/26,,OLD TOWN CLOCK S WINSTON SALEM NC 12026 000003 Card#5412,-95.23,5474.91,,
1/20/26,,AMAZON.COM SEATTLE WA 11926 957527 Card#7349,-86.66,5570.14,,
1/20/26,,COSTCO WHSE #03 WINSTON SALEM NC 11726 204931 Card#5412,-74.61,5656.8,,
1/20/26,,PANCHO VILLA MEX WINSTON SALEM NC 11626 507701 Card#7349,-69.55,5731.41,,
1/20/26,,HARRIS TEETER #0 WINSTON SALEM NC 11626 009560 Card#7349,-54.08,5800.96,,
1/20/26,,Dicks Sporting G WINSTON SALEM NC 11626 825976 Card#5412,-53.49,5855.04,,
1/20/26,,AMAZON.COM*2E59N SEATTLE WA 11926 300000 Card#7349,-35.3,5908.53,,
1/20/26,,COSTCO GAS #036 WINSTON SALEM NC 11726 431283 Card#5412,-30.78,5943.83,,
1/20/26,,WHOLEFDS WIN 101 WINSTON-SALEM NC 11626 045883 Card#7349,-28.11,5974.61,,
1/20/26,,STAPLES 1090 CLEMMONS NC 11826 045666 Card#7349,-20.31,6002.72,,
1/20/26,,ANGELINA S TEA WINSTON SALEM NC 11726 000048 Card#5412,-18.87,6023.03,,
1/20/26,,AMAZON.COM*1O6JS SEATTLE WA 11926 968184 Card#7349,-17.11,6041.9,,
1/20/26,,APPLE.COM/BILL CUPERTINO CA 11726 615297 Card#7349,-14.19,6059.01,,
1/20/26,,THE HOME DEPOT # WINSTON-SALEM NC 11926 000126 Card#7349,-11.75,6073.2,,
1/20/26,,APPLE.COM/BILL CUPERTINO CA 11626 404683 Card#7349,-10.7,6084.95,,
1/20/26,,AMAZON.COM*255I9 SEATTLE WA 11726 240000 Card#7349,-10.69,6095.65,,
1/20/26,,MONTE DE REY OF CLEMMONS NC 11826 058658 Card#7349,-10.07,6106.34,,
1/20/26,,GOOGLE *Google O MOUNTAIN VIEW CA 11726 374587 Card#7349,-9.99,6116.41,,
1/20/26,,FOOD LION #1062 LEWISVILLE NC 11826 282325 Card#5412,-7.94,6126.4,,
1/20/26,,AMAZON.COM*NB4Y9 SEATTLE WA 11926 000008 Card#7349,-6.41,6134.34,,
1/20/26,,PAYPAL TRANSFER PAYPALSD11 S W GRIFFIN ENTERPRISE,5095.45,6140.75,,
1/20/26,,OLB Transfer from *448 to *535 Transfer,500,1045.3,,
1/20/26,,DILLARDS 145 HAN WINSTON-SALEM NC 11626 864072 Card#5412,100.99,545.3,,
1/16/26,,Daily Ledger Bal,,444.31,,
1/16/26,,PROV L&A DIS OP INS.PREM 9725125003 STEVE A GRIFFIN,-254.06,444.31,,
1/16/26,3067,Check,-100,698.37,,
1/16/26,,SQ *THE T-SPECIA CLEMMONS NC 11526 880033 Card#7349,-1018.92,798.37,,
1/16/26,,THE HOME DEPOT # WINSTON-SALEM NC 11526 001454 Card#7349,-161.61,1817.29,,
1/16/26,,VILLAGE TAVERN # WINSTON SALEM NC 11526 246582 Card#7349,-108.95,1978.9,,
1/16/26,,WHOLEFDS WIN 101 WINSTON-SALEM NC 11526 003503 Card#5412,-74.59,2087.85,,
1/16/26,,OLB Transfer from *448 to *535 Transfer,500,2162.44,,
1/16/26,,ACADEMY SPORTS # WINSTON SALEM NC 11526 087818 Card#7349,14.73,1662.44,,
1/15/26,,Daily Ledger Bal,,1647.71,,
1/15/26,,AMAZON.COM*NN7B2 SEATTLE WA 11426 500000 Card#7349,-32.09,1647.71,,
1/15/26,,HARVEST 6467557737 NY 11426 472152 Card#7349,-12,1679.8,,
1/15/26,,WHOLEFDS WIN 101 WINSTON-SALEM NC 11426 992016 Card#5412,-2.03,1691.8,,
1/15/26,,OLB Transfer from *448 to *535 Transfer,1000,1693.83,,
1/15/26,,Ariat Internatio 8777027428 CA 11426 054957 Card#5412,67.36,693.83,,
1/14/26,,Daily Ledger Bal,,626.47,,
1/14/26,,CINTI LIF INS CO PREM DEBIT 1311213778 STEVEN GRIFFIN,-234.96,626.47,,
1/14/26,,WHOLEFDS WIN 101 WINSTON-SALEM NC 11426 227554 Card#5412,-48.06,861.43,,
1/14/26,,AMAZON.COM*1B7XX SEATTLE WA 11326 650000 Card#7349,-30.86,909.49,,
1/14/26,,CIRCLE K 01539 4 LEWISVILLE NC 11426 372102 Card#7349,-27.26,940.35,,
1/14/26,,SKILLCAT NEW YORK NY 11326 927749 Card#7349,-10,967.61,,
1/14/26,,OLB Transfer from *448 to *535 Transfer,800,977.61,,
1/13/26,,Daily Ledger Bal,,177.61,,
1/13/26,,FOOD LION #1062 LEWISVILLE NC 11226 732500 Card#5412,-258.47,177.61,,
1/13/26,,CHOICE HOME WARR EDISON NJ 11226 617372 Card#7349,-97.63,436.08,,
1/13/26,,SWP*REVCO SOLUTI COLUMBUS OH 11226 052293 Card#7349,-84.35,533.71,,
1/13/26,,FOOD LION #1062 LEWISVILLE NC 11326 186771 Card#7349,-43.55,618.06,,
1/12/26,,Daily Ledger Bal,,661.61,,
1/12/26,,US BANK HOME MTG MTGPYMENT 5150841368 S STEVEN A GRIFFIN,-2095.43,661.61,,
1/12/26,,TFSBillPay.com 8 JERICHO NY 11026 020740 Card#7349,-291.99,2757.04,,
1/12/26,,WHOLEFDS GFR #10 GREENSBORO NC 11026 219340 Card#5412,-170.23,3049.03,,
1/12/26,,AMAZON.COM*JJ6OW SEATTLE WA 10926 500000 Card#7349,-129.84,3219.26,,
1/12/26,,C AND H CAFETERI KERNERSVILLE NC 11026 609592 Card#5412,-79.75,3349.1,,
1/12/26,,COSTCO WHSE #03 WINSTON SALEM NC 11226 640147 Card#5412,-71.5,3428.85,,
1/12/26,,GFL - ENV RALEIGH NC 11026 630611 Card#7349,-68.07,3500.35,,
1/12/26,,VILLAGE TAVERN # WINSTON SALEM NC 11126 128791 Card#7349,-67.07,3568.42,,
1/12/26,,WILLIAMS-SONOMA GREENSBORO NC 11026 727408 Card#5412,-34.05,3635.49,,
1/12/26,,SHELL SERVICE S WINSTON SALEM NC 11126 090366 Card#7349,-29.91,3669.54,,
1/12/26,,DNH*GODADDY#3990 TEMPE AZ 11126 082772 Card#7349,-23.99,3699.45,,
1/12/26,,KRISPY KREME 029 CLEMMONS NC 11126 117746 Card#7349,-19.24,3723.44,,
1/12/26,,WILLIAMS-SONOMA GREENSBORO NC 11026 668316 Card#5412,-18.09,3742.68,,
1/12/26,,COVENANT EYES OWOSSO MI 11126 078914 Card#7349,-18,3760.77,,
1/12/26,,HARRIS TEETER #0 CLEMMONS NC 11126 323642 Card#7349,-11.06,3778.77,,
1/12/26,,SLACK T0922P4PME SAN FRANCISCO CA 11126 259491 Card#7349,-8.75,3789.83,,
1/12/26,,OPC*SURRY CC DOBSON NC 10826 632183 Card#7349,520,3798.58,,
1/12/26,,Ariat Internatio 8777027428 CA 10926 155817 Card#5412,96.24,3278.58,,
1/9/26,,Daily Ledger Bal,,3182.34,,
1/9/26,,CINTI LIF INS CO PREM DEBIT 1311213778 TAMMY WILSON,-139.92,3182.34,,
1/9/26,,ACI***AccessOne Web Pay 1222528268 TAMMY WILSON,-25,3322.26,,
1/9/26,,TAKE 5 SHOP 1030 CLEMMONS NC 10826 433204 Card#7349,-97.35,3347.26,,
1/9/26,,SZECHUAN PALACE WINSTON-SALEM NC 10826 400778 Card#7349,-81.52,3444.61,,
1/9/26,,HARRIS TEETER #0 CLEMMONS NC 10826 322541 Card#5412,-39.89,3526.13,,
1/9/26,,COOK OUT CLEMMON CLEMMONS NC 10726 825819 Card#7349,-36.34,3566.02,,
1/9/26,,OLB Transfer from *448 to *535 first mortgage,2095,3602.36,,
1/9/26,,JOCKEY INTERNATI 8005625391 WI 10826 876451 Card#5412,41.08,1507.36,,
1/8/26,,Daily Ledger Bal,,1466.28,,
1/8/26,,TRAVELERS PER IN HARTFORD CT 10726 414558 Card#7349,-434.04,1466.28,,
1/8/26,,HAMRICKS 5 WINST WINSTON SALEM NC 10726 883760 Card#5412,-157.61,1900.32,,
1/8/26,,OLB Transfer from *448 to *535 Transfer,1000,2057.93,,
1/8/26,,AIRWALLEX pay_USYFqr 1371913769 Steve Griffin,120.8,1057.93,,
1/7/26,,Daily Ledger Bal,,937.13,,
1/7/26,,OPC*SURRY CC DOBSON NC 10526 324559 Card#7349,-520,937.13,,
1/7/26,,Ariat Internatio 8777027428 CA 10726 260208 Card#5412,-67.36,1457.13,,
1/6/26,,Daily Ledger Bal,,1524.49,,
1/6/26,,Ariat Internatio 8777027428 CA 10426 732983 Card#5412,-96.24,1524.49,,
1/6/26,,FOOD LION #1062 LEWISVILLE NC 10526 021770 Card#5412,-94.79,1620.73,,
1/6/26,,CITGO HAMPTON RO CLEMMONS NC 10626 898347 Card#7349,-55.57,1715.52,,
1/6/26,,BP#1088100QUALI LEWISVILLE NC 10526 032278 Card#5412,-37.68,1771.09,,
1/6/26,,FOOD LION #1062 LEWISVILLE NC 10526 084606 Card#5412,-9.17,1808.77,,
1/6/26,,CITGO HAMPTON RO CLEMMONS NC 10626 906755 Card#7349,-2.02,1817.94,,
1/5/26,,Daily Ledger Bal,,1819.96,,
1/5/26,,Blue Cross NC ww IND DRAFT 1222528268 R STEVE GRIFFIN,-254.6,1819.96,,
1/5/26,,MUTUAL OF OMAHA 8007756000 LTCMD46511 S Steve Griffin,-149.88,2074.56,,
1/5/26,,SBA EIDL LOAN PAYMENT 7300000118 R STEVE GRIFFIN,-120,2224.44,,
1/5/26,,Blue Cross NC ww IND DRAFT 1222528268 R STEVE GRIFFIN,-47.72,2344.44,,
1/5/26,,Blue Cross NC ww IND DRAFT 1222528268 R STEVE GRIFIN,-32.72,2392.16,,
1/5/26,,THE HOME DEPOT # WINSTON-SALEM NC 10526 001287 Card#7349,-323.23,2424.88,,
1/5/26,,DILLARDS 698 DIL MAUMELLE AR 10326 775356 Card#5412,-170.5,2748.11,,
1/5/26,,TST*THE SPECKLED BLOWING ROCK NC 10226 674031 Card#7349,-126.12,2918.61,,
1/5/26,,1ST TRACKS SKI & BOONE NC 10226 147214 Card#7349,-90.74,3044.73,,
1/5/26,,FOOD LION #1062 LEWISVILLE NC 10426 353453 Card#7349,-88.34,3135.47,,
1/5/26,,GABB WIRELESS LEHI UT 10426 364946 Card#7349,-48.35,3223.81,,
1/5/26,,CTLP*Appalachian BLOWINGROCK NC 10226 253445 Card#7349,-48,3272.16,,
1/5/26,,THE HOME DEPOT # WINSTON-SALEM NC 10526 002889 Card#7349,-10.66,3320.16,,
1/5/26,,APPLE.COM/BILL CUPERTINO CA 10426 704672 Card#5412,-2.99,3330.82,,
1/5/26,,"NEW GROWTH PRESS PAYROLL 9111111101 GRIFFIN,STEVEN A",2923.43,3333.81,,
1/5/26,,Columbia Sportsw PORTLAND OR 10226 100000 Card#5412,42.8,410.38,,
1/2/26,,Daily Ledger Bal,,367.58,,
1/2/26,,Spectrum 855-707-7328 MO 123125 251023 Card#7349,-115,367.58,,
1/2/26,,ALPINE SKI SHOP- BLOWING ROCK NC 10226 459063 Card#7349,-90.68,482.58,,
1/2/26,,APPALACHIAN SKI BLOWING ROCK NC 123125 312312 Card#7349,-81.04,573.26,,
1/2/26,,COOK OUT KESTER WINSTON SALEM NC 123125 902130 Card#5412,-34.56,654.3,,
1/2/26,,CIRCLE K 01539 4 LEWISVILLE NC 10126 281647 Card#7349,-22.06,688.86,,
1/2/26,,APPLE.COM/BILL CUPERTINO CA 10126 390055 Card#7349,-9.99,710.92,,
1/2/26,,SQ *APPALACHIAN BLOWING ROCK NC 10226 847259 Card#7349,-8.54,720.91,,
1/2/26,,OLB Transfer from *448 to *535 Transfer,135,729.45,,
1/2/26,,AMAZON.COM SEATTLE WA 123125 400000 Card#7349,69.55,594.45,,
12/31/25,,Daily Ledger Bal,,524.9,,
12/31/25,,LinkedInPreA *34 MOUNTAIN VIEW CA 123025 390123 Card#7349,-42.79,524.9,,
12/31/25,,APRIL CORNELL ON BURLINGTON VT 123025 451423 Card#5412,57.79,567.69,,
12/31/25,,APRIL CORNELL ON BURLINGTON VT 123025 144202 Card#5412,52.43,509.9,,
12/30/25,,Daily Ledger Bal,,457.47,,
12/30/25,,AMAZON.COM*9E5MV SEATTLE WA 123025 000001 Card#7349,-15.7,457.47,,
12/30/25,,PARCHMENT-UNIV D SOTTSDALE AZ 122925 802092 Card#7349,-9.4,473.17,,
12/30/25,,AMAZON.COM SEATTLE WA 122925 000024 Card#7349,21.92,482.57,,
12/30/25,,AMAZON.COM SEATTLE WA 122925 000013 Card#7349,17.11,460.65,,
12/29/25,,Daily Ledger Bal,,443.54,,
12/29/25,,WHOLEFDS WIN 101 WINSTON-SALEM NC 122925 207825 Card#5412,-128.87,443.54,,
12/29/25,,TST*ALS BURGER S CHAPEL HILL NC 122625 012698 Card#7349,-71.72,572.41,,
12/29/25,,AMAZON.COM*T02P7 SEATTLE WA 122725 000008 Card#7349,-69.55,644.13,,
12/29/25,,SHEETZ 2489 GREENSBORO NC 122625 600882 Card#7349,-35.48,713.68,,
12/29/25,,AMAZON.COM*ZT98V SEATTLE WA 122925 000036 Card#7349,-32.09,749.16,,
12/29/25,,AMAZON.COM*9R1SW SEATTLE WA 122725 612100 Card#7349,-21.92,781.25,,
12/29/25,,AMAZON.COM*L4412 SEATTLE WA 122825 574961 Card#7349,-18.46,803.17,,
12/29/25,,MICROSOFT*MICROS REDMOND WA 122625 297127 Card#7349,-13.9,821.63,,
12/29/25,,AMAZON.COM*473D0 SEATTLE WA 122825 000066 Card#7349,-8.43,835.53,,
12/29/25,,OLB Transfer from *448 to *535 Transfer,500,843.96,,
12/29/25,,OLB Transfer from *448 to *535 Transfer,150,343.96,,
12/29/25,,AMAZON.COM SEATTLE WA 122725 000001 Card#7349,21.92,193.96,,
12/26/25,,Daily Ledger Bal,,172.04,,
12/26/25,,WEAVER STREET MA CARRBORO NC 122625 435690 Card#5412,-327.45,172.04,,
12/26/25,,WEAVER STREET MA HILLSBOROUGH NC 122625 457279 Card#5412,-131.18,499.49,,
12/26/25,,OLB Transfer from *448 to *535 Transfer,500,630.67,,
12/26/25,,OLB Transfer from *448 to *535 Transfer,150,130.67,,
12/24/25,,Daily Ledger Bal,,-19.33,,
12/24/25,,TST*DI LISIOS WINSTON-SALEM NC 122325 287177 Card#5412,-192.8,-19.33,,
12/24/25,,FOOD LION #1062 LEWISVILLE NC 122425 808508 Card#7349,-45.39,173.47,,
12/24/25,,BOJANGLES 2042 CLEMMONS NC 122225 498673 Card#5412,-30.18,218.86,,
12/24/25,,4314 GREAT CLIPS CLEMMONS NC 122325 778852 Card#7349,-25,249.04,,
12/24/25,,LOWE'S FOODS #1 LEWISVILLE NC 122425 894935 Card#7349,-17.51,274.04,,
12/24/25,,AMAZON PRIME*Z48 SEATTLE WA 122325 277624 Card#7349,-16.04,291.55,,
12/24/25,,DNH*GODADDY#3976 TEMPE AZ 122325 701464 Card#7349,-8.99,307.59,,
12/23/25,,Daily Ledger Bal,,316.58,,
12/23/25,,SALEM KITCHEN WINSTON SALEM NC 122225 119635 Card#5412,-91.06,316.58,,
12/23/25,,WHOLEFDS WIN 101 WINSTON-SALEM NC 122225 305586 Card#5412,-90.63,407.64,,
12/23/25,,HOUSE OF PLANTS WINSTON SALEM NC 122225 203834 Card#5412,-71.96,498.27,,
12/23/25,,WEST END CAFE WINSTON SALEM NC 122225 488024 Card#7349,-71.39,570.23,,
12/23/25,,AMAZON.COM*3H65D SEATTLE WA 122325 600000 Card#7349,-21.92,641.62,,
12/23/25,,COSTCO GAS #036 WINSTON SALEM NC 122325 283834 Card#5412,-20.12,663.54,,
12/23/25,,MONTE DE REY OF CLEMMONS NC 122125 904739 Card#7349,-10.62,683.66,,
12/23/25,,MONTE DE REY OF CLEMMONS NC 122125 952470 Card#5412,-8.82,694.28,,
12/23/25,,FOOD LION #1062 LEWISVILLE NC 122325 457318 Card#7349,-7.33,703.1,,
12/23/25,,OLB Transfer from *448 to *535 Transfer,800,710.43,,
12/22/25,,Daily Ledger Bal,,-89.57,,
12/22/25,,Interest Deposit,0.01,-89.57,,
12/22/25,3066,Paid Item Fee,-30,-89.58,,
12/22/25,3066,Check,-100,-59.58,,
12/22/25,,FOOD LION #1062 LEWISVILLE NC 122025 021819 Card#7349,-206.11,40.42,,
12/22/25,,FOOD LION #1062 LEWISVILLE NC 121925 447424 Card#7349,-203.87,246.53,,
12/22/25,,LOWE'S FOODS #1 LEWISVILLE NC 122025 501654 Card#5412,-174.99,450.4,,
12/22/25,,TMOBILE*AUTO PAY BELLEVUE WA 122125 891062 Card#7349,-159.53,625.39,,
12/22/25,,TRACTOR-SUPPLY-C CLEMMONS NC 122225 590181 Card#7349,-105.56,784.92,,
12/22/25,,NC ART AND ANTIQ WINSTON SALEM NC 122025 001410 Card#5412,-96.3,890.48,,
12/22/25,,LOWE'S FOODS #1 LEWISVILLE NC 122025 563349 Card#5412,-60.69,986.78,,
12/22/25,,HARRIS TEETER #0 CLEMMONS NC 122225 935196 Card#7349,-48.14,1047.47,,
12/22/25,,TRACTOR-SUPPLY-C CLEMMONS NC 122225 592205 Card#7349,-42.79,1095.61,,
12/22/25,,JERSEY MIKES 314 CLEMMONS NC 121825 177374 Card#7349,-39.35,1138.4,,
12/22/25,,BP#6931380THRUW JONESVILLE NC 122125 505808 Card#7349,-23.18,1177.75,,
12/22/25,,AMAZON.COM*3E576 SEATTLE WA 122025 000004 Card#7349,-17.11,1200.93,,
12/22/25,,ACADEMY SPORTS # WINSTON SALEM NC 121925 727638 Card#7349,-14.73,1218.04,,
12/22/25,,FOOD LION #1062 LEWISVILLE NC 122125 993779 Card#5412,-13.54,1232.77,,
12/22/25,,AMAZON.COM*O35B6 SEATTLE WA 122025 300000 Card#7349,-8.2,1246.31,,
12/22/25,,OLB Transfer from *448 to *535 Transfer,400,1254.51,,
12/22/25,,OLB Transfer from *448 to *535 Transfer,200,854.51,,
12/22/25,,KOHL'S #0287 WINSTON-SALEM NC 121825 125977 Card#5412,198.91,654.51,,
12/19/25,,Daily Ledger Bal,,455.6,,
12/19/25,,OLB Transfer from *448 to *535 Transfer,600,455.6,,
12/19/25,,NORDRACKCOM88896 LOS ANGELES CA 121725 725650 Card#5412,54.22,-144.4,,
12/18/25,,Daily Ledger Bal,,-198.62,,
12/18/25,,WHOLEFDS WIN 101 WINSTON-SALEM NC 121825 250957 Card#7349,-89.35,-198.62,,
12/18/25,,ANGELINA S TEA WINSTON SALEM NC 121825 000037 Card#7349,-67.84,-109.27,,
12/18/25,,LEWISVILLE DRUG LEWISVILLE NC 121825 912858 Card#7349,-25.02,-41.43,,
12/18/25,,IN *CLEMMONS LAW CLEMMONS NC 121725 750217 Card#7349,-24.8,-16.41,,
12/18/25,,APPLE.COM/BILL CUPERTINO CA 121725 861378 Card#7349,-14.19,8.39,,
12/18/25,,AMAZON.COM*9550A SEATTLE WA 121725 000007 Card#7349,-10.56,22.58,,
12/18/25,,GOOGLE *Google O MOUNTAIN VIEW CA 121725 186723 Card#7349,-9.99,33.14,,
12/18/25,,HARRIS TEETER #0 CLEMMONS NC 121825 635078 Card#5412,-8.55,43.13,,
12/17/25,,Daily Ledger Bal,,51.68,,
12/17/25,,WINDSTREAM WSC ACH 4728201000 GRIFFIN STEVE,-74.39,51.68,,
12/17/25,3065,Check,-100,126.07,,
12/17/25,,THE HOME DEPOT # WINSTON-SALEM NC 121725 000553 Card#7349,-198.44,226.07,,
12/17/25,,VILLAGE TAVERN # WINSTON SALEM NC 121525 784539 Card#7349,-55.92,424.51,,
12/17/25,,AMAZON.COM*8D6BI SEATTLE WA 121625 700000 Card#7349,-53.23,480.43,,
12/17/25,,Go Outdoors Nort TALLAHASSEE FL 121625 417028 Card#7349,-52,533.66,,
12/17/25,,SPEEDWAY 46853 CLEMMONS NC 121725 661954 Card#7349,-50.62,585.66,,
12/17/25,,STAPLES 1090 CLEMMONS NC 121725 241698 Card#7349,-26.74,636.28,,
12/17/25,,REAL Q WINSTON SALEM NC 121525 143693 Card#5412,-17.44,663.02,,
12/17/25,,APPLE.COM/BILL CUPERTINO CA 121625 627025 Card#7349,-10.7,680.46,,
12/17/25,,AMAZON.COM*JH0H0 SEATTLE WA 121725 560000 Card#7349,-10.56,691.16,,
12/17/25,,OLB Transfer from *448 to *535 Transfer,800,701.72,,
12/17/25,,WM SUPERCENTER # WINSTON SALEM NC 121525 236677 Card#5412,191.99,-98.28,,
12/17/25,,KOHL'S #0287 WINSTON-SALEM NC 121525 642771 Card#5412,178.69,-290.27,,
12/17/25,,THE HOME DEPOT # WINSTON-SALEM NC 121525 105128 Card#7349,10.63,-468.96,,
12/16/25,,Daily Ledger Bal,,-479.59,,
12/16/25,,Paid Item Fee,-30,-479.59,,
12/16/25,,PROV L&A DIS OP INS.PREM 9725125003 STEVE A GRIFFIN,-254.06,-449.59,,
12/16/25,,Paid Item Fee,-30,-195.53,,
12/16/25,,MUTUAL OF OMAHA 8007756000 LTCMD46511 S Tammy Wilson,-215.67,-165.53,,
12/16/25,3064,Check,-195,50.14,,
12/16/25,,NAPA STORE 11330 WINSTON SALEM NC 121525 750743 Card#7349,-62.06,245.14,,
12/16/25,,"ETSY, INC. Etsy. BROOKLYN NY 121625 100000 Card#5412",-60.35,307.2,,
12/16/25,,WHOLEFDS WIN 101 WINSTON-SALEM NC 121525 000138 Card#7349,-37.29,367.55,,
12/16/25,,HANESMALL *PRO QUINCY MA 121525 511944 Card#5412,95.66,404.84,,
12/16/25,,WAL-MART #2472 WINSTON SALEM NC 121525 635401 Card#7349,12.77,309.18,,
12/15/25,,Daily Ledger Bal,,296.41,,
12/15/25,,CINTI LIF INS CO PREM DEBIT 1311213778 STEVEN GRIFFIN,-234.96,296.41,,
12/15/25,,BILLS AUTO CLINI WINSTON-SALEM NC 121225 421097 Card#7349,-375.99,531.37,,
12/15/25,,WHOLEFDS WIN 101 WINSTON-SALEM NC 121225 357466 Card#5412,-267.3,907.36,,
12/15/25,,WWW.KOHLS.COM #0 MIDDLETOWN OH 121325 299196 Card#5412,-198.91,1174.66,,
12/15/25,,WM SUPERCENTER # WINSTON SALEM NC 121325 799283 Card#5412,-191.99,1373.57,,
12/15/25,,VILLAGE TAVERN # WINSTON SALEM NC 121225 548948 Card#7349,-132.08,1565.56,,
12/15/25,,CHOICE HOME WARR EDISON NJ 121225 699546 Card#7349,-97.64,1697.64,,
12/15/25,,TRADER JOE S #74 WINSTONSALEM NC 121325 264685 Card#5412,-87.3,1795.28,,
12/15/25,,LAMPS & SHADES I WINSTON-SALEM NC 121225 930216 Card#5412,-74.9,1882.58,,
12/15/25,,WAL-MART #2472 WINSTON SALEM NC 121425 000069 Card#7349,-69.24,1957.48,,
12/15/25,,BOJANGLES 2042 CLEMMONS NC 121125 634820 Card#5412,-47.58,2026.72,,
12/15/25,,DOMINO'S 5554 LEWISVILLE NC 121325 493691 Card#7349,-45.6,2074.3,,
12/15/25,,FOOD LION #1062 LEWISVILLE NC 121325 003441 Card#5412,-39.64,2119.9,,
12/15/25,,CHIPOTLE 3743 WINSTON SALEM NC 121225 295480 Card#5412,-35.84,2159.54,,
12/15/25,,COSTCO GAS #036 WINSTON SALEM NC 121225 312584 Card#7349,-31.1,2195.38,,
12/15/25,,COSTCO GAS #036 WINSTON SALEM NC 121525 553604 Card#7349,-21.17,2226.48,,
12/15/25,,NEW SAMS.COM MEM 888-746-7726 AR 121225 484695 Card#7349,-20,2247.65,,
12/15/25,,THE HOME DEPOT # WINSTON-SALEM NC 121525 002733 Card#7349,-15.94,2267.65,,
12/15/25,,THE HOME DEPOT # WINSTON-SALEM NC 121525 000660 Card#7349,-15.91,2283.59,,
12/15/25,,USPS PO 36443200 LEWISVILLE NC 121525 748230 Card#7349,-12.8,2299.5,,
12/15/25,,HARVEST 6467557737 NY 121425 884022 Card#7349,-12,2312.3,,
12/15/25,,CHIPOTLE 3743 WINSTON SALEM NC 121225 854714 Card#5412,-3.21,2324.3,,
12/15/25,,OLB Transfer from *448 to *535 Transfer,800,2327.51,,
12/15/25,,KOHL'S #0287 WINSTON-SALEM NC 121225 412465 Card#5412,100.38,1527.51,,
12/15/25,,DILLARDS 145 HAN WINSTON-SALEM NC 121525 258607 Card#5412,42.8,1427.13,,
12/12/25,,Daily Ledger Bal,,1384.33,,
12/12/25,,IRS USATAXPYMT 3387702000 S STEVEN A GRIFFIN & TAM,-7000,1384.33,,
12/12/25,,NC DEPT REVENUE TAX PYMT 9044030460 S Griffin Steven,-600,8384.33,,
12/12/25,,SWP*REVCO SOLUTI COLUMBUS OH 121125 035791 Card#7349,-84.35,8984.33,,
12/12/25,,CIRCLE K 01495 1 CLEMMONS NC 121125 327262 Card#7349,-37.43,9068.68,,
12/12/25,,SAMSCLUB #4798 WINSTON SALEM NC 121225 002164 Card#5412,-29.13,9106.11,,
12/12/25,,DNH*GODADDY#3967 TEMPE AZ 121125 367767 Card#7349,-21.99,9135.24,,
12/12/25,,AMAZON.COM*NZ7EM SEATTLE WA 121125 000020 Card#7349,-20.32,9157.23,,
12/12/25,,COVENANT EYES OWOSSO MI 121125 293884 Card#7349,-18,9177.55,,
12/12/25,,OLB Transfer from *448 to *535 Transfer,7000,9195.55,,
12/12/25,,OLB Transfer from *448 to *535 Transfer,800,2195.55,,
12/12/25,,AMAZON.COM SEATTLE WA 121225 270000 Card#7349,40.33,1395.55,,
12/12/25,,AMAZON.COM SEATTLE WA 121225 700000 Card#7349,26.75,1355.22,,
12/11/25,,Daily Ledger Bal,,1328.47,,
12/11/25,,OLB Transfer from *535 to *448 Transfer,-7000,1328.47,,
12/11/25,,TFSBillPay.com 8 JERICHO NY 121025 481171 Card#7349,-291.99,8328.47,,
12/11/25,,COSTCO WHSE #03 WINSTON SALEM NC 121125 380925 Card#5412,-220.87,8620.46,,
12/11/25,,FOOD LION #1062 LEWISVILLE NC 121125 387076 Card#5412,-29.17,8841.33,,
12/11/25,,SLACK T0922P4PME SAN FRANCISCO CA 121125 652822 Card#7349,-8.75,8870.5,,
12/11/25,,OLB Transfer from *448 to *535 2025 fed tax payment estimate,7000,8879.25,,
12/11/25,,OLB Transfer from *448 to *535 nc 2025 tax estimate,600,1879.25,,
12/11/25,,OLB Transfer from *448 to *535 misc expense,500,1279.25,,
12/10/25,,Daily Ledger Bal,,779.25,,
12/10/25,,STROUDBRAIDEDRUG SHELBY NC 120825 179120 Card#5412,-99.72,779.25,,
12/10/25,,BED BATH BEYOND MURRAY UT 120825 763710 Card#5412,-56.66,878.97,,
12/10/25,,AMAZON.COM*W12LV SEATTLE WA 121025 630000 Card#7349,-55.93,935.63,,
12/10/25,,Jockey Internati KENOSHA WI 120925 561901 Card#5412,-41.08,991.56,,
12/10/25,,SOUTHERN HOME AN WINSTON SALEM NC 120925 350084 Card#5412,-11.76,1032.64,,
12/10/25,,FOOD LION #1062 LEWISVILLE NC 121025 440527 Card#7349,-3.06,1044.4,,
12/10/25,,STROUDBRAIDEDRUG SHELBY NC 120825 864210 Card#5412,84.1,1047.46,,
12/10/25,,STROUDBRAIDEDRUG SHELBY NC 120825 865966 Card#5412,77.68,963.36,,
12/9/25,,Daily Ledger Bal,,885.68,,
12/9/25,,US BANK HOME MTG MTGPYMENT 5150841368 S STEVEN A GRIFFIN,-2095.43,885.68,,
12/9/25,,Allegacy Federal P2PEXT XFR 1566087383 S STEVEN GRIFFIN,-1127.52,2981.11,,
12/9/25,,CINTI LIF INS CO PREM DEBIT 1311213778 TAMMY WILSON,-139.92,4108.63,,
12/9/25,,ACI***AccessOne Web Pay 1222528268 TAMMY WILSON,-25,4248.55,,
12/9/25,,"Garnet Hill, Inc FRANCONIA NH 120925 380901 Card#7349",-467.88,4273.55,,
12/9/25,,TRAVELERS PER IN HARTFORD CT 120825 578974 Card#7349,-434.04,4741.43,,
12/9/25,,WWW.KOHLS.COM #0 MIDDLETOWN OH 120725 609582 Card#5412,-279.07,5175.47,,
12/9/25,,OLB Transfer from *448 to *535 Transfer,2000,5454.54,,
12/8/25,,Daily Ledger Bal,,3454.54,,
12/8/25,,JJILL *PRODUCT QUINCY MA 120625 616916 Card#5412,-343.26,3454.54,,
12/8/25,,FOOD LION #1062 LEWISVILLE NC 120625 305467 Card#5412,-230.4,3797.8,,
12/8/25,,TST*RIVER BIRCH WINSTON-SALEM NC 120625 957092 Card#7349,-174.79,4028.2,,
12/8/25,,"Garnet Hill, Inc FRANCONIA NH 120625 797883 Card#7349",-153.94,4202.99,,
12/8/25,,BT *ALLBULKF 17174671322 PA 120525 374899 Card#5412,-118.44,4356.93,,
12/8/25,,STROUDBRAIDEDRUG SHELBY NC 120625 624758 Card#5412,-84.1,4475.37,,
12/8/25,,STROUDBRAIDEDRUG SHELBY NC 120525 629393 Card#5412,-77.68,4559.47,,
12/8/25,,WHOLEFDS WIN 101 WINSTON-SALEM NC 120625 828723 Card#5412,-53.09,4637.15,,
12/8/25,,WHOLEFDS WIN 101 WINSTON-SALEM NC 120825 203692 Card#5412,-42.74,4690.24,,
12/8/25,,AMAZON.COM*FW6PK SEATTLE WA 120725 500000 Card#7349,-40.33,4732.98,,
12/8/25,,LOWE'S FOODS #1 LEWISVILLE NC 120725 320557 Card#5412,-39.4,4773.31,,
12/8/25,,CIRCLE K 01539 4 LEWISVILLE NC 120825 923784 Card#7349,-38.82,4812.71,,
12/8/25,,DOMINO'S 5554 LEWISVILLE NC 120625 182128 Card#7349,-31.2,4851.53,,
12/8/25,,CIRCLE K 01539 4 LEWISVILLE NC 120625 216494 Card#7349,-31.17,4882.73,,
12/8/25,,HARRIS TEETER #2 CLEMMONS NC 120725 117865 Card#7349,-29.77,4913.9,,
12/8/25,,AMAZON.COM*BI1TL SEATTLE WA 120625 500000 Card#7349,-28.83,4943.67,,
12/8/25,,WHOLEFDS WIN 101 WINSTON-SALEM NC 120625 826844 Card#5412,-21.07,4972.5,,
12/8/25,,O'REILLY 3957 CLEMMONS NC 120525 812930 Card#7349,-16.04,4993.57,,
12/8/25,,TRADER JOE S #74 WINSTONSALEM NC 120725 248308 Card#7349,-10.68,5009.61,,
12/8/25,,O'REILLY 3957 CLEMMONS NC 120525 872432 Card#7349,-10.68,5020.29,,
12/8/25,,CTLP*Appalachian BLOWINGROCK NC 120625 174184 Card#7349,-6,5030.97,,
12/8/25,,OLB Transfer from *448 to *535 Transfer,1000,5036.97,,
12/8/25,,OLB Transfer from *448 to *535 Transfer,500,4036.97,,
12/8/25,,RUG DOCTOR RAPID PLANO TX 120425 036036 Card#7349,42.77,3536.97,,
12/5/25,,Daily Ledger Bal,,3494.2,,
12/5/25,,SBA EIDL LOAN PAYMENT 7300000118 R STEVE GRIFFIN,-120,3494.2,,
12/5/25,,TST* LA CARRETA BERMUDA RUN NC 120425 847536 Card#7349,-82.41,3614.2,,
12/5/25,,NORDRACKCOM88896 LOS ANGELES CA 120225 270969 Card#5412,-74.81,3696.61,,
12/5/25,,"Garnet Hill, Inc FRANCONIA NH 120425 605018 Card#7349",-50.27,3771.42,,
12/5/25,,RUG DOCTOR RAPID PLANO TX 120325 294402 Card#7349,-49.16,3821.69,,
12/5/25,,GABB WIRELESS LEHI UT 120425 410189 Card#7349,-48.35,3870.85,,
12/5/25,,AMAZON.COM*BI27J SEATTLE WA 120425 310000 Card#7349,-26.75,3919.2,,
12/5/25,,THE HOME DEPOT # WINSTON-SALEM NC 120325 493570 Card#7349,-15.94,3945.95,,
12/5/25,,"NEW GROWTH PRESS PAYROLL 9111111101 GRIFFIN,STEVEN A",2226.56,3961.89,,
12/4/25,,Daily Ledger Bal,,1735.33,,
12/4/25,,FOOD LION #2655 CLEMMONS NC 120425 411981 Card#5412,-227.8,1735.33,,
12/4/25,,DILLARDS 145 HAN WINSTON-SALEM NC 120325 124725 Card#5412,-128.4,1963.13,,
12/4/25,,HARRIS TEETER #0 WINSTON SALEM NC 120325 060893 Card#7349,-49.2,2091.53,,
12/4/25,,WHOLEFDS WIN 101 WINSTON-SALEM NC 120425 234437 Card#5412,-31.77,2140.73,,
12/4/25,,APPLE.COM/BILL CUPERTINO CA 120425 719060 Card#5412,-2.99,2172.5,,
12/4/25,,OLB Transfer from *448 to *535 Transfer,750,2175.49,,
12/4/25,,KOHL'S #0287 WINSTON-SALEM NC 120225 606249 Card#5412,237.94,1425.49,,
12/4/25,,AIRWALLEX pay_fYt6Rs 1371913769 Steve Griffin,120.8,1187.55,,
12/3/25,,Daily Ledger Bal,,1066.75,,
12/3/25,,COMPLEAT BALDWIN WEST READING PA 120325 986770 Card#7349,-166.92,1066.75,,
12/3/25,,WHOLEFDS WIN 101 WINSTON-SALEM NC 120325 949892 Card#5412,-147.46,1233.67,,
12/3/25,,APRIL CORNELL ON BURLINGTON VT 120225 690924 Card#5412,-144.94,1381.13,,
12/3/25,,WHOLEFDS WIN 101 WINSTON-SALEM NC 120225 156229 Card#7349,-139.58,1526.07,,
12/3/25,,REI.COM 800-426 SUMNER WA 120125 172578 Card#7349,-96.3,1665.65,,
12/3/25,,COSTCO GAS #036 WINSTON SALEM NC 120225 767988 Card#7349,-25.98,1761.95,,
12/3/25,,COSTCO WHSE #03 WINSTON SALEM NC 120325 916003 Card#7349,-23.45,1787.93,,
12/3/25,,HARRIS TEETER #0 WINSTON SALEM NC 120325 500996 Card#5412,-19.75,1811.38,,
12/3/25,,TRADER JOE S #74 WINSTONSALEM NC 120225 234557 Card#7349,-14.24,1831.13,,
12/3/25,,WHOLEFDS WIN 101 WINSTON-SALEM NC 120225 161425 Card#7349,-13.89,1845.37,,
12/3/25,,NAPA STORE 11330 WINSTON SALEM NC 120325 368416 Card#7349,-11.76,1859.26,,
12/3/25,,TARGET 00 WINSTON-SALEM NC 120225 500033 Card#5412,69.55,1871.02,,
12/2/25,,Daily Ledger Bal,,1801.47,,
12/2/25,,Blue Cross NC ww IND DRAFT 1222528268 R STEVE GRIFFIN,-47.72,1801.47,,
12/2/25,,Blue Cross NC ww IND DRAFT 1222528268 R STEVE GRIFIN,-32.72,1849.19,,
12/2/25,,Spectrum 855-707-7328 MO 120125 608596 Card#7349,-115,1881.91,,
12/2/25,,APPALACHIAN SKI BLOWING ROCK NC 120125 082923 Card#7349,-85.62,1996.91,,
12/2/25,,CIRCLE K # 23368 DOBSON NC 120125 882597 Card#7349,-34.83,2082.53,,
12/2/25,,APPLE.COM/BILL CUPERTINO CA 120125 902337 Card#7349,-9.99,2117.36,,
12/2/25,,CTLP*ALISON VEND WINSTONSALEM NC 120125 869592 Card#7349,-1.55,2127.35,,
12/2/25,,OLB Transfer from *448 to *535 Transfer,500,2128.9,,
12/2/25,,HIP CHICS BOUTIQ CLEMMONS NC 120125 801332 Card#5412,78.1,1628.9,,
12/1/25,,Daily Ledger Bal,,1550.8,,
12/1/25,,HOTEL 24 SOUTH STAUNTON VA 113025 630697 Card#7349,-192.47,1550.8,,
12/1/25,,AMAZON.COM*BB0T7 SEATTLE WA 113025 500000 Card#7349,-158.41,1743.27,,
12/1/25,,TST*MILL STREET STAUNTON VA 112925 825676 Card#7349,-150.89,1901.68,,
12/1/25,,AMAZON.COM*BB7NJ SEATTLE WA 120125 000006 Card#7349,-119.72,2052.57,,
12/1/25,,SQ *MICHIE TAVER CHARLOTTESVIL VA 113025 955427 Card#7349,-117.34,2172.29,,
12/1/25,,DOLLAR-GENERAL # ADVANCE NC 120125 282704 Card#5412,-53.38,2289.63,,
12/1/25,,Michie Tavern CHARLOTTESVIL VA 113025 180661 Card#7349,-46.18,2343.01,,
12/1/25,,SQ *REUNION BAKE STAUNTON VA 113025 973525 Card#7349,-45.52,2389.19,,
12/1/25,,AUGMENTED ENGINE HILLIARD OH 112825 454632 Card#7349,-45,2434.71,,
12/1/25,,WEIS MARKETS 140 EVERETT PA 112925 080847 Card#7349,-43.44,2479.71,,
12/1/25,,LinkedInPreA *88 MOUNTAIN VIEW CA 113025 133883 Card#7349,-42.79,2523.15,,
12/1/25,,GET GO #3602 BEDFORD PA 112925 731684 Card#7349,-35.5,2565.94,,
12/1/25,,SQ *THE BEST PLA BUCHANAN VA 112825 754665 Card#7349,-35.22,2601.44,,
12/1/25,,EXXON BUCKINGHAM BUCKINGHAM VA 113025 791928 Card#7349,-33.6,2636.66,,
12/1/25,,EXXON ORCHARD CR RAPHINE VA 112825 952789 Card#7349,-32.77,2670.26,,
12/1/25,,MCDONALD'S F1326 GREENSBORO NC 113025 306930 Card#5412,-23.76,2703.03,,
12/1/25,,BOJANGLES 776 DUBLIN VA 112825 943523 Card#7349,-21.74,2726.79,,
12/1/25,,VZWRLSS*APOCC VI LAKE MARY FL 112925 893017 Card#7349,-20,2748.53,,
12/1/25,,ARBY'S 305 TOM'S BROOK VA 112825 411932 Card#7349,-11.26,2768.53,,
12/1/25,,ARBY'S 305 TOM'S BROOK VA 112825 411593 Card#7349,-10.63,2779.79,,
12/1/25,,CIRCLE K 01539 4 LEWISVILLE NC 120125 415505 Card#7349,-10.29,2790.42,,
12/1/25,,AMAZON.COM*BB2CS SEATTLE WA 120125 300000 Card#7349,-8.52,2800.71,,
12/1/25,,OLB Transfer from *448 to *535 Transfer,1000,2809.23,,
12/1/25,,AMAZON.COM SEATTLE WA 113025 500000 Card#7349,158.41,1809.23,,
11/28/25,,Daily Ledger Bal,,1650.82,,
11/28/25,,TARGET T-1086 WINSTON SALEM NC 112625 076081 Card#5412,-151.36,1650.82,,
11/28/25,,REAL Q WINSTON SALEM NC 112625 662873 Card#5412,-103.89,1802.18,,
11/28/25,,TRADER JOE S #74 WINSTONSALEM NC 112625 222007 Card#5412,-60.68,1906.07,,
11/28/25,,MARCOS CAR WASH WINSTON SALEM NC 112625 477980 Card#5412,-60.28,1966.75,,
11/28/25,,FOOD LION #1062 LEWISVILLE NC 112625 858592 Card#5412,-58.36,2027.03,,
11/28/25,,LOWE'S FOODS #1 LEWISVILLE NC 112725 445403 Card#7349,-36.37,2085.39,,
11/28/25,,COSTCO GAS #036 WINSTON SALEM NC 112625 706101 Card#5412,-31.73,2121.76,,
11/28/25,,AMAZON.COM*B24UU SEATTLE WA 112725 600000 Card#7349,-29.85,2153.49,,
11/28/25,,BOJANGLES 2042 CLEMMONS NC 112625 066428 Card#7349,-19.3,2183.34,,
11/28/25,,MICROSOFT*MICROS REDMOND WA 112725 624153 Card#7349,-13.9,2202.64,,
11/28/25,,LOWE'S FOODS #1 LEWISVILLE NC 112625 320431 Card#7349,-13.85,2216.54,,
11/28/25,,COOK OUT KESTER WINSTON SALEM NC 112625 863549 Card#5412,-9.24,2230.39,,
11/28/25,,LOWE'S FOODS #1 LEWISVILLE NC 112725 334416 Card#7349,-6.53,2239.63,,
11/28/25,,OLB Transfer from *448 to *535 Transfer,1000,2246.16,,
11/26/25,,Daily Ledger Bal,,1246.16,,
11/26/25,,HIP CHICS BOUTIQ CLEMMONS NC 112525 027391 Card#5412,-151.92,1246.16,,
11/26/25,,WHOLEFDS WIN 101 WINSTON-SALEM NC 112625 228998 Card#5412,-41.89,1398.08,,
11/26/25,,GREENWAY VILLAGE CLEMMONS NC 112525 926857 Card#5412,-40,1439.97,,
11/26/25,,Refund Paid Item Fee (BOTH),30,1479.97,,
11/26/25,,OLB Transfer from *448 to *535 Transfer,2000,1449.97,,
11/25/25,,Daily Ledger Bal,,-550.03,,
11/25/25,,Paid Item Fee,-30,-550.03,,
11/25/25,,MUTUAL OF OMAHA 8007756000 LTCMD46511 S Tammy Wilson,-215.67,-520.03,,
11/25/25,3063,Paid Item Fee,-30,-304.36,,
11/25/25,3063,Tabernacle Church,-150,-274.36,Check,Charitable Donations
11/25/25,3062,Paid Item Fee,-30,-124.36,,
11/25/25,3062,Umpire tech - Trade Biz Class,-590,-94.36,Check,
11/25/25,,IN *A.QUARLES CP WINSTON SALEM NC 112425 030900 Card#7349,-700,495.64,,
11/25/25,,WHOLEFDS WIN 101 WINSTON-SALEM NC 112425 358296 Card#7349,-255.57,1195.64,,
11/25/25,,WWW.KOHLS.COM #0 MIDDLETOWN OH 112425 136400 Card#5412,-160.91,1451.21,,
11/25/25,,LOWE'S FOOD #16 CLEMMONS NC 112525 889053 Card#5412,-69.85,1612.12,,
11/25/25,,APPLE.COM/BILL CUPERTINO CA 112425 920182 Card#7349,-26.74,1681.97,,
11/25/25,,AMAZON.COM*B234Y SEATTLE WA 112525 474900 Card#7349,-23.59,1708.71,,
11/25/25,,FOOD LION #1062 LEWISVILLE NC 112425 096557 Card#7349,-12.39,1732.3,,
11/24/25,,Daily Ledger Bal,,1744.69,,
11/24/25,,CARDINAL PLUMBIN KERNERSVILLE NC 112125 611719 Card#7349,-781.06,1744.69,,
11/24/25,,WHOLEFDS WIN 101 WINSTON-SALEM NC 112225 128665 Card#5412,-122.61,2525.75,,
11/24/25,,ADVANCE AUTO PAR WINSTON-SALE NC 112425 027747 Card#7349,-109.95,2648.36,,
11/24/25,,Columbia Sportsw PORTLAND OR 112125 180000 Card#5412,-96.3,2758.31,,
11/24/25,,VIOC GM0001 WINSTON-SALEM NC 112425 110899 Card#7349,-93.78,2854.61,,
11/24/25,,WHOLEFDS WIN 101 WINSTON-SALEM NC 112325 109749 Card#7349,-86.58,2948.39,,
11/24/25,,TST* LA CARRETA BERMUDA RUN NC 112125 899598 Card#7349,-85.25,3034.97,,
11/24/25,,THE HOME DEPOT # WINSTON-SALEM NC 112125 933103 Card#7349,-85.13,3120.22,,
11/24/25,,WWW.KOHLS.COM #0 MIDDLETOWN OH 112125 666321 Card#5412,-77.03,3205.35,,
11/24/25,,SAKURA JAPANESE HICKORY NC 112325 828884 Card#7349,-74.27,3282.38,,
11/24/25,,THE HOME DEPOT # WINSTON-SALEM NC 112225 002881 Card#5412,-65.01,3356.65,,
11/24/25,,TRADER JOE S #74 WINSTONSALEM NC 112225 208116 Card#5412,-53.58,3421.66,,
11/24/25,,REVELATION HEALT ALLISON PARK PA 112225 732498 Card#7349,-38.95,3475.24,,
11/24/25,,COOK OUT CLEMMON CLEMMONS NC 112025 736376 Card#7349,-27.41,3514.19,,
11/24/25,,COSTCO GAS #036 WINSTON SALEM NC 112225 895495 Card#5412,-26.64,3541.6,,
11/24/25,,TWIN CITY NAIL L WINSTON SALEM NC 112225 818782 Card#5412,-26.4,3568.24,,
11/24/25,,WHOLEFDS WIN 101 WINSTON-SALEM NC 112225 257423 Card#5412,-18.19,3594.64,,
11/24/25,,AMAZON PRIME*Q88 SEATTLE WA 112325 800318 Card#7349,-16.04,3612.83,,
11/24/25,,BOJANGLES 553 CLEMMONS NC 112125 092056 Card#7349,-15.89,3628.87,,
11/24/25,,CHICK-FIL-A #043 MEBANE NC 112025 007207 Card#7349,-10.6,3644.76,,
11/24/25,,DNH*GODADDY#3953 TEMPE AZ 112325 627071 Card#7349,-8.99,3655.36,,
11/24/25,,OLB Transfer from *448 to *535 Transfer,1000,3664.35,,
11/24/25,,DILLARDS 145 HAN WINSTON-SALEM NC 112425 063880 Card#5412,85.07,2664.35,,
11/24/25,,THE HOME DEPOT # WINSTON-SALEM NC 112125 382926 Card#7349,42.57,2579.28,,
11/24/25,,AMAZON.COM SEATTLE WA 112225 000002 Card#7349,37.97,2536.71,,
11/21/25,,Daily Ledger Bal,,2498.74,,
11/21/25,,Interest Deposit,0.01,2498.74,,
11/21/25,,TMOBILE*AUTO PAY BELLEVUE WA 112025 523867 Card#7349,-193.66,2498.73,,
11/21/25,,FOOD LION #1062 LEWISVILLE NC 112125 063883 Card#5412,-100.16,2692.39,,
11/21/25,,OLB Transfer from *448 to *535 Transfer,2000,2792.55,,
11/20/25,,Daily Ledger Bal,,792.55,,
11/20/25,,AMAZON.COM*B07VQ SEATTLE WA 112025 000077 Card#7349,-316.82,792.55,,
11/20/25,,MYATRIUMHEALTH P CHARLOTTE NC 111925 747962 Card#7349,-85.14,1109.37,,
11/20/25,,AMAZON.COM*B009A SEATTLE WA 112025 000007 Card#7349,-72.82,1194.51,,
11/20/25,,BOJANGLES 633 ADVANCE NC 111825 861993 Card#5412,-15.75,1267.33,,
11/20/25,,AMAZON.COM SEATTLE WA 112025 100000 Card#7349,7.48,1283.08,,
11/19/25,,Daily Ledger Bal,,1275.6,,
11/19/25,,Allegacy Federal P2PEXT XFR 1566087383 S STEVEN GRIFFIN,-1133.1,1275.6,,
11/19/25,,DUKEENERGYCORPOR WEB_PAY 4700130001 1101368049,-657.95,2408.7,,
11/19/25,,COSTCO GAS #036 WINSTON SALEM NC 111925 179493 Card#5412,-32.5,3066.65,,
11/19/25,,OLB Transfer from *448 to *535 Transfer,2000,3099.15,,
11/18/25,,Daily Ledger Bal,,1099.15,,
11/18/25,,US BANK HOME MTG MTGPYMENT 5150841368 S STEVEN A GRIFFIN,-2095.43,1099.15,,
11/18/25,,OLB Transfer from *535 to *448 Transfer,-17000,3194.58,,
11/18/25,,OLB Transfer from *535 to *448 Transfer,-3000,20194.58,,
11/18/25,,BOJANGLES 633 ADVANCE NC 111625 133434 Card#7349,-36.15,23194.58,,
11/18/25,,MCDONALD'S F8129 ADVANCE NC 111825 281118 Card#5412,-21.76,23230.73,,
11/18/25,,APPLE.COM/BILL CUPERTINO CA 111725 202190 Card#7349,-14.19,23252.49,,
11/18/25,,GOOGLE *Google O MOUNTAIN VIEW CA 111725 225848 Card#7349,-9.99,23266.68,,
11/18/25,,OLB Transfer from *448 to *535 Transfer,3000,23276.67,,
11/17/25,,Daily Ledger Bal,,20276.67,,
11/17/25,,PROV L&A DIS OP INS.PREM 9725125003 STEVE A GRIFFIN,-254.06,20276.67,,
11/17/25,,WINDSTREAM WSC ACH 4728201000 GRIFFIN STEVE,-74.39,20530.73,,
11/17/25,,ARIGATO JAPANESE WINSTON SALEM NC 111525 531773 Card#7349,-116.91,20605.12,,
11/17/25,,TRADER JOE S #74 WINSTONSALEM NC 111625 192779 Card#5412,-55.33,20722.03,,
11/17/25,,MARATHON 205617 BOONVILLE NC 111725 588449 Card#7349,-45.55,20777.36,,
11/17/25,,WHOLEFDS WIN 101 WINSTON-SALEM NC 111625 111875 Card#5412,-30.41,20822.91,,
11/17/25,,LOWE'S #436 WINSTON SALEM NC 111525 701988 Card#7349,-24.03,20853.32,,
11/17/25,,AMAZON.COM*B870X SEATTLE WA 111425 000008 Card#7349,-22.46,20877.35,,
11/17/25,,HARVEST 6467557737 NY 111425 065072 Card#7349,-12,20899.81,,
11/17/25,,AMAZON.COM*B806J SEATTLE WA 111425 600000 Card#7349,-9.61,20911.81,,
11/17/25,,Regular Deposit,18000,20921.42,,
11/17/25,,Mobile Deposit - DDA,40,2921.42,,
11/17/25,,OLB Transfer from *448 to *535 Transfer,2095.43,2881.42,,
11/17/25,,OLB Transfer from *448 to *535 Transfer,400,785.99,,
11/17/25,,AMAZON.COM SEATTLE WA 111525 320000 Card#7349,26.82,385.99,,
11/17/25,,AMAZON.COM SEATTLE WA 111725 200000 Card#7349,9.61,359.17,,
11/14/25,,Daily Ledger Bal,,349.56,,
11/14/25,,CINTI LIF INS CO PREM DEBIT 1311213778 STEVEN GRIFFIN,-234.96,349.56,,
11/14/25,,WHOLEFDS WIN 101 WINSTON-SALEM NC 111425 155140 Card#5412,-214.65,584.52,,
11/14/25,,CIRCLE K 01539 4 LEWISVILLE NC 111425 062091 Card#5412,-33.9,799.17,,
11/14/25,,MCDONALD'S F1301 GREENSBORO NC 111325 513042 Card#7349,-21,833.07,,
11/14/25,,AMAZON.COM*B84EK SEATTLE WA 111425 500000 Card#7349,-9.61,854.07,,
11/14/25,,ATM Withdrawal NC WINSTON SALEM WINSTON SALEM NC 111425 002658 Card#5412,-400,863.68,,
11/14/25,,OLB Transfer from *448 to *535 Transfer,1000,1263.68,,
11/13/25,,Daily Ledger Bal,,263.68,,
11/13/25,,transf fr joint acct to person by Tammy,-1000,263.68,,
11/13/25,,PP*SOUTHLAND ROO WILMINGTON NC 111225 311665 Card#7349,-250,1263.68,,
11/13/25,,KERNODLE MS CHOR COEUR D ALENE CA 111225 028553 Card#7349,-100,1513.68,,
11/13/25,,CHOICE HOME WARR EDISON NJ 111225 355575 Card#7349,-97.63,1613.68,,
11/13/25,,AMAZON.COM*B83A3 SEATTLE WA 111225 100000 Card#7349,-37.97,1711.31,,
11/13/25,,AMAZON.COM*BT2D8 SEATTLE WA 111325 500000 Card#7349,-26.82,1749.28,,
11/13/25,,AMAZON.COM*B83ZE SEATTLE WA 111325 798900 Card#7349,-19.25,1776.1,,
11/13/25,,AMERICAN FUNDS REDEMPTION 4952566717 STEVEN A GRIFFIN,590,1795.35,,
11/13/25,,WAL-MART #2472 WINSTON SALEM NC 111225 332517 Card#5412,53.16,1205.35,,
11/12/25,,Daily Ledger Bal,,1152.19,,
11/12/25,,CINTI LIF INS CO PREM DEBIT 1311213778 TAMMY WILSON,-139.92,1152.19,,
11/12/25,,ACI***AccessOne Web Pay 1222528268 TAMMY WILSON,-25,1292.11,,
11/12/25,,TFSBillPay.com 8 JERICHO NY 111025 449471 Card#7349,-291.99,1317.11,,
11/12/25,,DENNIS AUTOMOTIV WINSTON SALEM NC 111125 476031 Card#7349,-155.15,1609.1,,
11/12/25,,TARGET T-1086 WINSTON SALEM NC 111225 082088 Card#5412,-98.09,1764.25,,
11/12/25,,WHOLEFDS WIN 101 WINSTON-SALEM NC 111225 050550 Card#5412,-95.32,1862.34,,
11/12/25,,LOWE'S FOODS #1 LEWISVILLE NC 111125 129395 Card#5412,-92.96,1957.66,,
11/12/25,,SWP*REVCO SOLUTI COLUMBUS OH 111125 517372 Card#7349,-84.35,2050.62,,
11/12/25,,COSTCO GAS #036 WINSTON SALEM NC 111225 433077 Card#5412,-29.84,2134.97,,
11/12/25,,4314 GREAT CLIPS CLEMMONS NC 111125 627396 Card#7349,-25,2164.81,,
11/12/25,,DNH*GODADDY#3944 TEMPE AZ 111125 437235 Card#7349,-21.99,2189.81,,
11/12/25,,COVENANT EYES OWOSSO MI 111125 305578 Card#7349,-18,2211.8,,
11/12/25,,FOOD LION #1062 LEWISVILLE NC 111225 366903 Card#5412,-11.75,2229.8,,
11/12/25,,SLACK T0922P4PME SAN FRANCISCO CA 111125 140488 Card#7349,-8.75,2241.55,,
11/12/25,,LOWE'S FOODS #1 LEWISVILLE NC 111125 252818 Card#7349,-7.73,2250.3,,
11/12/25,,OLB Transfer from *448 to *535 Transfer,1000,2258.03,,
11/12/25,,TJMAXX #0221 WINSTONSALEM NC 111225 900073 Card#5412,26.74,1258.03,,
11/10/25,,Daily Ledger Bal,,1231.29,,
11/10/25,,TRAVELERS PER IN HARTFORD CT 110725 183845 Card#7349,-434.04,1231.29,,
11/10/25,,WHOLEFDS WIN 101 WINSTON-SALEM NC 110825 347754 Card#5412,-310.63,1665.33,,
11/10/25,,COSTCO WHSE #03 WINSTON SALEM NC 110725 147359 Card#5412,-253.35,1975.96,,
11/10/25,,DILLARDS 145 HAN WINSTON-SALEM NC 110825 143396 Card#5412,-233.8,2229.31,,
11/10/25,,PUBLIX SUPER MAR WINSTON-SALEM NC 110725 082258 Card#5412,-132.09,2463.11,,
11/10/25,,THE HOME DEPOT # WINSTON-SALEM NC 110725 000122 Card#7349,-129.75,2595.2,,
11/10/25,,WM SUPERCENTER # WINSTON SALEM NC 111025 413062 Card#5412,-104.29,2724.95,,
11/10/25,,DILLARDS 145 HAN WINSTON-SALEM NC 110825 204459 Card#5412,-93.63,2829.24,,
11/10/25,,MILNERS AMERICAN WINSTON SALEM NC 110725 765165 Card#7349,-88.76,2922.87,,
11/10/25,,TRADER JOE S #74 WINSTONSALEM NC 110825 169715 Card#5412,-71.89,3011.63,,
11/10/25,,FOOD LION #1062 LEWISVILLE NC 111025 406911 Card#5412,-50.77,3083.52,,
11/10/25,,WHOLEFDS WIN 101 WINSTON-SALEM NC 111025 262770 Card#5412,-47.37,3134.29,,
11/10/25,,DILLARDS 145 HAN WINSTON-SALEM NC 110825 264251 Card#5412,-44.95,3181.66,,
11/10/25,,BP#2721300CUTTE YADKINVILLE NC 111025 999780 Card#7349,-37.75,3226.61,,
11/10/25,,COOK OUT KESTER WINSTON SALEM NC 110825 170444 Card#5412,-36.98,3264.36,,
11/10/25,,HTTPS://SCRIBE.H SAN FRANCISCO CA 110925 699867 Card#7349,-29,3301.34,,
11/10/25,,COSTCO GAS #036 WINSTON SALEM NC 110725 607959 Card#7349,-27.76,3330.34,,
11/10/25,,FOOD LION #1359 ADVANCE NC 110925 202557 Card#7349,-17.9,3358.1,,
11/10/25,,BOJANGLES 2042 CLEMMONS NC 110625 405113 Card#5412,-12.85,3376,,
11/10/25,,FOOD LION #1062 LEWISVILLE NC 110925 123807 Card#7349,-4.07,3388.85,,
11/10/25,,DILLARDS 145 HAN WINSTON-SALEM NC 111025 185201 Card#5412,148.73,3392.92,,
11/10/25,,AMAZON.COM SEATTLE WA 110825 400000 Card#7349,10.69,3244.19,,
11/7/25,,Daily Ledger Bal,,3233.5,,
11/7/25,,JJILL *PRODUCT QUINCY MA 110525 874314 Card#5412,-66.8,3233.5,,
11/7/25,,AMAZON.COM*NK1V9 SEATTLE WA 110725 000027 Card#7349,-48.13,3300.3,,
11/7/25,,APPLE.COM/BILL CUPERTINO CA 110625 432800 Card#7349,-10.7,3348.43,,
11/7/25,,AIRWALLEX pay_gtUwpO 1371913769 Steve Griffin,104,3359.13,,
11/5/25,,Daily Ledger Bal,,3255.13,,
11/5/25,,VANDELE FARMS CO SALE 9215986202 S TAMMY GRIFFIN,-157.32,3255.13,,
11/5/25,,"MUTUAL OF OMAHA LONG TERM 1470246511 GRIFFIN, STEVE",-149.88,3412.45,,
11/5/25,,SBA EIDL LOAN PAYMENT 7300000118 R STEVE GRIFFIN,-120,3562.33,,
11/5/25,,1 800 PETMEDS DELRAY BEACH FL 110425 458756 Card#7349,-198.04,3682.33,,
11/5/25,,1 800 PETMEDS DELRAY BEACH FL 110325 422442 Card#7349,-57.95,3880.37,,
11/5/25,,TJMAXX #0221 WINSTONSALEM NC 110425 576783 Card#5412,-56.13,3938.32,,
11/5/25,,GABB WIRELESS LEHI UT 110425 309041 Card#7349,-48.35,3994.45,,
11/5/25,,"NEW GROWTH PRESS PAYROLL 9111111101 GRIFFIN,STEVEN A",2559.94,4042.8,,
11/5/25,,APRIL CORNELL ON BURLINGTON VT 110425 559745 Card#5412,433.29,1482.86,,
11/5/25,,ONEQUINCE* Q1311 SAN FRANCISCO CA 110325 155679 Card#5412,117.59,1049.57,,
11/4/25,,Daily Ledger Bal,,931.98,,
11/4/25,,Blue Cross NC ww IND DRAFT 1222528268 R STEVE GRIFFIN,-47.72,931.98,,
11/4/25,,Blue Cross NC ww IND DRAFT 1222528268 R STEVE GRIFIN,-32.72,979.7,,
11/4/25,,NAWAB INDIAN CUI WINSTON SALEM NC 110325 801900 Card#7349,-72.99,1012.42,,
11/4/25,,AMAZON.COM*NK76I SEATTLE WA 110425 216000 Card#7349,-5.34,1085.41,,
11/4/25,,APPLE.COM/BILL CUPERTINO CA 110425 908014 Card#5412,-2.99,1090.75,,
11/3/25,,Daily Ledger Bal,,1093.74,,
11/3/25,,T-MOBILE WINSTON SALEM NC 110125 388087 Card#7349,-379.09,1093.74,,
11/3/25,,THE HOME DEPOT # WINSTON-SALEM NC 110125 001128 Card#7349,-202.79,1472.83,,
11/3/25,,TST*RIVER BIRCH WINSTON-SALEM NC 110125 691912 Card#7349,-120.18,1675.62,,
11/3/25,,Spectrum 855-707-7328 MO 103125 929581 Card#7349,-115,1795.8,,
11/3/25,,WHOLEFDS WIN 101 WINSTON-SALEM NC 110325 900432 Card#5412,-94.71,1910.8,,
11/3/25,,TRADER JOE S #74 WINSTONSALEM NC 110325 156326 Card#5412,-72.57,2005.51,,
11/3/25,,HARRIS TEETER #0 CLEMMONS NC 110325 213946 Card#5412,-69.31,2078.08,,
11/3/25,,CIRCLE K 01539 4 LEWISVILLE NC 110325 543956 Card#7349,-43.41,2147.39,,
11/3/25,,CVS/PHARMACY #03 WINSTON SALEM NC 110125 110981 Card#7349,-37.41,2190.8,,
11/3/25,,FOOD LION #1062 LEWISVILLE NC 110225 033447 Card#7349,-36.94,2228.21,,
11/3/25,,DONNIE DALES ANT VALDESE NC 103125 245938 Card#5412,-36.05,2265.15,,
11/3/25,,eBay O*19-13764- SAN JOSE CA 110125 130727 Card#7349,-34.22,2301.2,,
11/3/25,,COSTCO GAS #036 WINSTON SALEM NC 110325 534118 Card#5412,-32.27,2335.42,,
11/3/25,,LOWE'S FOODS #1 LEWISVILLE NC 110225 442148 Card#7349,-32.22,2367.69,,
11/3/25,,LOWE'S FOODS #1 LEWISVILLE NC 110225 479818 Card#7349,-29.18,2399.91,,
11/3/25,,AMAZON.COM*NK4NY SEATTLE WA 110125 200000 Card#7349,-24.87,2429.09,,
11/3/25,,FOOD LION #1062 LEWISVILLE NC 110225 172038 Card#7349,-18.31,2453.96,,
11/3/25,,AMAZON.COM*NK5D4 SEATTLE WA 110325 435902 Card#7349,-14.97,2472.27,,
11/3/25,,AMAZON.COM*NK23K SEATTLE WA 110325 510000 Card#7349,-10.69,2487.24,,
11/3/25,,APPLE.COM/BILL CUPERTINO CA 110125 553654 Card#7349,-9.99,2497.93,,
11/3/25,,AMAZON.COM*NK1OZ SEATTLE WA 110125 100000 Card#7349,-8.55,2507.92,,
11/3/25,,LOWE'S FOODS #1 LEWISVILLE NC 103125 305368 Card#7349,-6.71,2516.47,,
11/3/25,,LOWE'S FOODS #1 LEWISVILLE NC 110125 423084 Card#7349,-5.8,2523.18,,
11/3/25,,OLB Transfer from *448 to *535 Transfer,1000,2528.98,,
11/3/25,,OLB Transfer from *448 to *535 Transfer,1000,1528.98,,
10/31/25,,Daily Ledger Bal,,528.98,,
10/31/25,,Allegacy Federal P2PEXT XFR 1566087383 S STEVEN GRIFFIN,-1133.27,528.98,,
10/31/25,,DUKEENERGYCORPOR WEB_PAY 4700130001 1101368049,-378,1662.25,,
10/31/25,,SP TAOS FOOTWEAR GARDENA CA 103025 081919 Card#5412,-124,2040.25,,
10/31/25,,PAYPAL *SOUTHLAN 4029357733 CA 103025 192173 Card#7349,-100,2164.25,,
10/31/25,,LinkedInPreA *47 MOUNTAIN VIEW CA 103025 950279 Card#7349,-42.79,2264.25,,
10/31/25,,SHEETZ 2597 HICKORY NC 103125 426363 Card#5412,-30.12,2307.04,,
10/31/25,,FOOD LION #0865 MORGANTON NC 103125 651183 Card#5412,-23.95,2337.16,,
10/31/25,,OLB Transfer from *448 to *535 Transfer,1000,2361.11,,
10/30/25,,Daily Ledger Bal,,1361.11,,
10/30/25,,US BANK HOME MTG MTGPYMENT 5150841368 S STEVEN A GRIFFIN,-2095.43,1361.11,,
10/30/25,,DILLARDS 698 DIL MAUMELLE AR 103025 980851 Card#5412,-320.95,3456.54,,
10/30/25,,SQ *THE T-SPECIA CLEMMONS NC 102925 714950 Card#7349,-102.57,3777.49,,
10/30/25,,THE RED COLLECTI GREENSBORO NC 102825 426207 Card#5412,-28.81,3880.06,,
10/30/25,,OLB Transfer from *448 to *535 duke,378,3908.87,,
10/29/25,,Daily Ledger Bal,,3530.87,,
10/29/25,,PHO HIEN VUONG GREENSBORO NC 102825 064247 Card#7349,-67.58,3530.87,,
10/29/25,,WHOLEFDS WIN 101 WINSTON-SALEM NC 102825 215330 Card#5412,-54.84,3598.45,,
10/29/25,,WHOLEFDS WIN 101 WINSTON-SALEM NC 102825 244846 Card#5412,-43.85,3653.29,,
10/29/25,,OLB Transfer from *448 to *535 mortgage,2095.43,3697.14,,
10/29/25,,OLB Transfer from *448 to *535 heloc oct,1133.27,1601.71,,
10/29/25,,SP NATURAL LIFE PONTE VEDRA B FL 102725 785108 Card#5412,65.93,468.44,,
10/28/25,,Daily Ledger Bal,,402.51,,
10/28/25,,WHOLEFDS WIN 101 WINSTON-SALEM NC 102825 116037 Card#5412,-151.98,402.51,,
10/28/25,,ANGELINA S TEA WINSTON SALEM NC 102825 000035 Card#5412,-91.29,554.49,,
10/28/25,,TRADER JOE S #74 WINSTONSALEM NC 102825 142065 Card#5412,-32.57,645.78,,
10/27/25,,Daily Ledger Bal,,678.35,,
10/27/25,,VZWRLSS*APOCC VI LAKE MARY FL 102625 356494 Card#7349,-151.89,678.35,,
10/27/25,,BP#2721300CUTTE YADKINVILLE NC 102525 629708 Card#7349,-52.68,830.24,,
10/27/25,,CIRCLE K 01539 4 LEWISVILLE NC 102625 825033 Card#5412,-40.59,882.92,,
10/27/25,,AMAZON.COM*NU4U6 SEATTLE WA 102525 330000 Card#7349,-14.54,923.51,,
10/27/25,,AMAZON.COM*N437A SEATTLE WA 102525 627865 Card#7349,-14.54,938.05,,
10/27/25,,MICROSOFT*MICROS MSBILL.INFO WA 102725 670513 Card#7349,-13.9,952.59,,
10/27/25,,SOLID WASTE YADKINVILLE NC 102525 770692 Card#7349,-10.15,966.49,,
10/27/25,,HARRIS TEETER #0 CLEMMONS NC 102725 503918 Card#5412,-4.38,976.64,,
10/27/25,,J. JILL STORE 25 WINSTON SALEM NC 102525 554260 Card#5412,430.62,981.02,,
10/27/25,,HANESMALL *PRO QUINCY MA 102525 716595 Card#5412,37.44,550.4,,
10/24/25,,Daily Ledger Bal,,512.96,,
10/24/25,,MEDITERRANEO PIZ CLEMMONS NC 102325 981494 Card#7349,-59.18,512.96,,
10/24/25,,MEDITERRANEO PIZ CLEMMONS NC 102325 786062 Card#7349,-27.45,572.14,,
10/24/25,,AMAZON PRIME*N46 SEATTLE WA 102325 899181 Card#7349,-16.04,599.59,,
10/24/25,,FOOD LION #1062 LEWISVILLE NC 102325 291190 Card#5412,-9.42,615.63,,
10/24/25,,DNH*GODADDY#3930 TEMPE AZ 102325 937676 Card#7349,-8.99,625.05,,
10/24/25,,MEDITERRANEO PIZ CLEMMONS NC 102325 836492 Card#7349,27.45,634.04,,
10/24/25,,AMAZON.COM SEATTLE WA 102425 600000 Card#7349,14.54,606.59,,
10/23/25,,Daily Ledger Bal,,592.05,,
10/23/25,,WHOLEFDS WIN 101 WINSTON-SALEM NC 102325 115212 Card#5412,-132.29,592.05,,
10/23/25,,PANCHO VILLAS ME WINSTON SALEM NC 102125 524985 Card#7349,-80.85,724.34,,
10/23/25,,WHOLEFDS WIN 101 WINSTON-SALEM NC 102325 123973 Card#5412,-24.97,805.19,,
10/22/25,,Daily Ledger Bal,,830.16,,
10/22/25,,Interest Deposit,0.01,830.16,,
10/22/25,,SQ *THE T-SPECIA CLEMMONS NC 102125 637995 Card#5412,-353.99,830.15,,
10/22/25,,CIRCLE K 01539 4 LEWISVILLE NC 102125 991099 Card#7349,-92.01,1184.14,,
10/22/25,,AMAZON.COM*NU5CM SEATTLE WA 102225 580000 Card#7349,-52.69,1276.15,,
10/22/25,,Smithermans Hard LEWISVILLE NC 102125 409566 Card#5412,-30.46,1328.84,,
10/22/25,,CIRCLE K 01539 4 LEWISVILLE NC 102125 413376 Card#5412,-24.79,1359.3,,
10/22/25,,AMAZON.COM*NU6N4 SEATTLE WA 102225 000007 Card#7349,-19.99,1384.09,,
10/21/25,,Daily Ledger Bal,,1404.08,,
10/21/25,,AMAZON.COM*NU0RV SEATTLE WA 102125 700000 Card#7349,-17.11,1404.08,,
10/21/25,,OLB Transfer from *448 to *535 Transfer,400,1421.19,,
10/20/25,,Daily Ledger Bal,,1021.19,,
10/20/25,,APRIL CORNELL ON BURLINGTON VT 101725 632905 Card#5412,-447.29,1021.19,,
10/20/25,,WHOLEFDS WIN 101 WINSTON-SALEM NC 101825 523948 Card#5412,-138.59,1468.48,,
10/20/25,,WHOLEFDS WIN 101 WINSTON-SALEM NC 101825 300845 Card#7349,-45.36,1607.07,,
10/20/25,,REAL Q WINSTON SALEM NC 101625 264234 Card#5412,-40.87,1652.43,,
10/20/25,,C AND H CAFETERI KERNERSVILLE NC 101825 193351 Card#7349,-39.13,1693.3,,
10/20/25,,FOOD LION #0682 GREENSBORO NC 101825 651341 Card#7349,-38.3,1732.43,,
10/20/25,,HARRIS TEETER #0 WINSTON SALEM NC 101825 007382 Card#7349,-37.71,1770.73,,
10/20/25,,TST*COPAIN- WINS WINSTON-SALEM NC 101825 307855 Card#7349,-32.34,1808.44,,
10/20/25,,HARRIS TEETER #2 CLEMMONS NC 101725 120917 Card#7349,-29.92,1840.78,,
10/20/25,,CIRCLE K 01539 4 LEWISVILLE NC 101925 820462 Card#5412,-21,1870.7,,
10/20/25,,APPLE.COM/BILL CUPERTINO CA 101725 737729 Card#7349,-14.19,1891.7,,
10/20/25,,COOK OUT CLEMMON CLEMMONS NC 101725 316156 Card#7349,-11.96,1905.89,,
10/20/25,,APPLE.COM/BILL CUPERTINO CA 101625 737127 Card#7349,-10.7,1917.85,,
10/20/25,,GOOGLE *Google O MOUNTAIN VIEW CA 101725 420240 Card#7349,-9.99,1928.55,,
10/20/25,,AMAZON.COM*NM13L SEATTLE WA 101925 100000 Card#7349,-7.48,1938.54,,
10/20/25,,TRADER JOE S #74 WINSTONSALEM NC 101825 116868 Card#7349,-7.12,1946.02,,
10/20/25,,OLB Transfer from *448 to *535 Transfer,2000,1953.14,,
10/17/25,,Daily Ledger Bal,,-46.86,,
10/17/25,,Paid Item Fee,-30,-46.86,,
10/17/25,,WINDSTREAM WSC ACH 4728201000 GRIFFIN STEVE,-74.39,-16.86,,
10/17/25,,WHOLEFDS WIN 101 WINSTON-SALEM NC 101625 313388 Card#5412,-208.17,57.53,,
10/17/25,,FOOD LION #1062 LEWISVILLE NC 101625 335842 Card#5412,-131.06,265.7,,
10/17/25,,SP NATURAL LIFE PONTE VEDRA B FL 101525 111910 Card#5412,-102.67,396.76,,
10/17/25,,WHOLEFDS WIN 101 WINSTON-SALEM NC 101625 364641 Card#5412,8.02,499.43,,
10/16/25,,Daily Ledger Bal,,491.41,,
10/16/25,,PROV L&A DIS OP INS.PREM 9725125003 STEVE A GRIFFIN,-254.06,491.41,,
10/16/25,,"MUTUAL OF OMAHA LONG TERM 1470246511 WILSON, TAMMY",-215.67,745.47,,
10/16/25,,JJILL *PRODUCT 111-111-1111 MA 101425 413884 Card#5412,-584.13,961.14,,
10/16/25,,Walmart.com BENTONVILLE AR 101525 389865 Card#5412,-200.69,1545.27,,
10/16/25,,ONEQUINCE* Q1311 SAN FRANCISCO CA 101525 240999 Card#5412,-117.59,1745.96,,
10/16/25,,US PATENT TRADEM ALEXANDRIA VA 101525 446071 Card#7349,-65,1863.55,,
10/16/25,,MODWASH WINSTON WINSTON SALEM NC 101425 383860 Card#5412,-10,1928.55,,
10/15/25,,Daily Ledger Bal,,1938.55,,
10/15/25,,APPLE.COM/BILL 866-712-7753 CA 101425 640731 Card#7349,-85.59,1938.55,,
10/15/25,,WHOLEFDS WIN 101 WINSTON-SALEM NC 101425 242553 Card#5412,-52.91,2024.14,,
10/15/25,,HARVEST 6467557737 NY 101425 354921 Card#7349,-12,2077.05,,
10/15/25,,OLB Transfer from *448 to *535 Transfer,1500,2089.05,,
10/14/25,,Daily Ledger Bal,,589.05,,
10/14/25,,CINTI LIF INS CO PREM DEBIT 1311213778 STEVEN GRIFFIN,-234.96,589.05,,
10/14/25,,WHOLEFDS WIN 101 WINSTON-SALEM NC 101125 654896 Card#5412,-431.35,824.01,,
10/14/25,,TFSBillPay.com 8 JERICHO NY 101025 656134 Card#7349,-291.99,1255.36,,
10/14/25,,April Cornell BURLINGTON VT 101325 218067 Card#5412,-202.77,1547.35,,
10/14/25,,GRANDAD S APPLES HENDERSONVLLE NC 101325 326442 Card#7349,-110.62,1750.12,,
10/14/25,,CHOICE HOME WARR EDISON NJ 101225 255392 Card#7349,-97.63,1860.74,,
10/14/25,,TST*FOURK RESTAU HICKORY NC 101325 053591 Card#7349,-85,1958.37,,
10/14/25,,SWP*REVCO SOLUTI COLUMBUS OH 101325 684407 Card#7349,-84.35,2043.37,,
10/14/25,,TST* FARM BURGER ASHEVILLE NC 101325 000761 Card#7349,-58.63,2127.72,,
10/14/25,,GRANDAD S APPLES HENDERSONVLLE NC 101325 314847 Card#7349,-46.61,2186.35,,
10/14/25,,LOWE'S #436 WINSTON SALEM NC 101125 004847 Card#7349,-34.21,2232.96,,
10/14/25,,SPEEDWAY 46962 MORGANTON NC 101325 130347 Card#7349,-33.11,2267.17,,
10/14/25,,HARRIS TEETER #2 CLEMMONS NC 101325 128120 Card#7349,-28.9,2300.28,,
10/14/25,,DNH*GODADDY#3920 TEMPE AZ 101125 674329 Card#7349,-21.99,2329.18,,
10/14/25,,SQ *DOBRA TEA - ASHEVILLE NC 101325 737163 Card#7349,-18.16,2351.17,,
10/14/25,,COVENANT EYES OWOSSO MI 101125 415814 Card#7349,-18,2369.33,,
10/14/25,,FOOD LION #1062 LEWISVILLE NC 101225 250882 Card#7349,-14.55,2387.33,,
10/14/25,,SLACK T0922P4PME SAN FRANCISCO CA 101125 792219 Card#7349,-8.75,2401.88,,
10/14/25,,FOOD LION #1062 LEWISVILLE NC 101125 005215 Card#5412,-7.73,2410.63,,
10/14/25,,TST* FARM BURGER ASHEVILLE NC 101325 120437 Card#7349,-6.62,2418.36,,
10/14/25,,CITY OF ASHEVILL ASHEVILLE NC 101325 303824 Card#7349,-5,2424.98,,
10/14/25,,OLB Transfer from *448 to *535 Transfer,1000,2429.98,,
10/14/25,,OLB Transfer from *448 to *535 Transfer,750,1429.98,,
10/10/25,,Daily Ledger Bal,,679.98,,
10/10/25,,THE RED COLLECTI GREENSBORO NC 100825 582274 Card#5412,-73.66,679.98,,
10/10/25,,HTTPS://SCRIBE.H SAN FRANCISCO CA 100925 904888 Card#7349,-29,753.64,,
10/9/25,,Daily Ledger Bal,,782.64,,
10/9/25,,CINTI LIF INS CO PREM DEBIT 1311213778 TAMMY WILSON,-139.92,782.64,,
10/9/25,,ACI***AccessOne Web Pay 1222528268 TAMMY WILSON,-25,922.56,,
10/9/25,3061,Temple Baptist Church,-100,947.56,Check,Charitable Donations
10/9/25,,MCDONALD'S F2997 DOBSON NC 100825 028018 Card#7349,-12.62,1047.56,,
10/8/25,,Daily Ledger Bal,,1060.18,,
10/8/25,,TRAVELERS PER IN 800-842-5075 CT 100725 936055 Card#7349,-434.04,1060.18,,
10/8/25,,WHOLEFDS GFR #10 GREENSBORO NC 100825 858162 Card#5412,-328.25,1494.22,,
10/8/25,,SQ *REEDY FORK F ELON NC 100825 842239 Card#5412,-153.45,1822.47,,
10/8/25,,REEDY FORK ORGAN ELON NC 100625 833037 Card#7349,-74.91,1975.92,,
10/8/25,,AMAZON.COM*NV6AV SEATTLE WA 100825 542000 Card#7349,-50.28,2050.83,,
10/8/25,,AMAZON.COM*NV2LN SEATTLE WA 100725 132100 Card#7349,-48.14,2101.11,,
10/8/25,,CIRCLE K 01539 4 LEWISVILLE NC 100825 833521 Card#5412,-39.91,2149.25,,
10/8/25,,AMAZON.COM*NV2QV SEATTLE WA 100725 000003 Card#7349,-7.36,2189.16,,
10/7/25,,Daily Ledger Bal,,2196.52,,
10/7/25,,"MUTUAL OF OMAHA LONG TERM 1470246511 GRIFFIN, STEVE",-149.88,2196.52,,
10/7/25,,AMAZON.COM*NV3F7 SEATTLE WA 100625 100000 Card#7349,-15.12,2346.4,,
10/7/25,,AMAZON.COM*NV6V1 SEATTLE WA 100625 000006 Card#7349,-14.54,2361.52,,
10/7/25,,AMAZON.COM*NV96H SEATTLE WA 100725 000686 Card#7349,-12.19,2376.06,,
10/6/25,,Daily Ledger Bal,,2388.25,,
10/6/25,,SBA EIDL LOAN PAYMENT 7300000118 R STEVE GRIFFIN,-120,2388.25,,
10/6/25,,COSTCO WHSE #03 WINSTON SALEM NC 100425 904579 Card#5412,-229.3,2508.25,,
10/6/25,,WHOLEFDS WIN 101 WINSTON-SALEM NC 100425 125695 Card#5412,-125.32,2737.55,,
10/6/25,,TST*RIVER BIRCH WINSTON-SALEM NC 100525 292807 Card#7349,-75.2,2862.87,,
10/6/25,,LAMPS & SHADES I WINSTON-SALEM NC 100325 928744 Card#5412,-67.62,2938.07,,
10/6/25,,LOWE'S FOOD #14 WINSTON-SALEM NC 100525 981587 Card#7349,-53.48,3005.69,,
10/6/25,,GABB WIRELESS 385-235-6646 UT 100425 501719 Card#7349,-46.8,3059.17,,
10/6/25,,SALEM KITCHEN WINSTON SALEM NC 100425 751712 Card#5412,-40.5,3105.97,,
10/6/25,,COOK OUT KESTER WINSTON SALEM NC 100425 926957 Card#5412,-27.89,3146.47,,
10/6/25,,LANDS END DODGEVILLE WI 100625 935289 Card#5412,-18.39,3174.36,,
10/6/25,,TRADER JOE S #74 WINSTONSALEM NC 100425 203928 Card#5412,-17.8,3192.75,,
10/6/25,,THE HOME DEPOT # WINSTON-SALEM NC 100425 001994 Card#5412,-10.68,3210.55,,
10/6/25,,APPLE.COM/BILL 866-712-7753 CA 100425 097851 Card#5412,-2.99,3221.23,,
10/6/25,,AIRWALLEX pay_NW50cu 1371913769 Steve Griffin,104,3224.22,,
10/3/25,,Daily Ledger Bal,,3120.22,,
10/3/25,,WHOLEFDS WIN 101 WINSTON-SALEM NC 100325 962252 Card#5412,-101.13,3120.22,,
10/3/25,,WHOLEFDS WIN 101 WINSTON-SALEM NC 100325 911474 Card#5412,-82.63,3221.35,,
10/3/25,,COSTCO GAS #036 WINSTON SALEM NC 100325 370878 Card#5412,-27.04,3303.98,,
10/3/25,,4314 GREAT CLIPS CLEMMONS NC 100225 159235 Card#7349,-25,3331.02,,
10/3/25,,Dicks Sporting G WINSTON SALEM NC 100225 338037 Card#7349,-19.25,3356.02,,
10/3/25,,"NEW GROWTH PRESS PAYROLL 9111111101 GRIFFIN,STEVEN A",2394.63,3375.27,,
10/2/25,,Daily Ledger Bal,,980.64,,
10/2/25,,Blue Cross NC ww IND DRAFT 1222528268 R STEVE GRIFFIN,-47.72,980.64,,
10/2/25,,Blue Cross NC ww IND DRAFT 1222528268 R STEVE GRIFIN,-32.72,1028.36,,
10/2/25,3060,Temple Baptist Church,-100,1061.08,Check,Charitable Donations
10/2/25,,Spectrum 855-707-7328 MO 100125 538637 Card#7349,-115,1161.08,,
10/2/25,,LOWE'S FOODS #1 LEWISVILLE NC 100225 479672 Card#5412,-70.3,1276.08,,
10/2/25,,ECCLESIA DISTRIB HEBER CITY UT 100125 475718 Card#7349,-21.99,1346.38,,
10/2/25,,AMAZON.COM*NJ6ZM SEATTLE WA 100225 100000 Card#7349,-21.35,1368.37,,
10/2/25,,APPLE.COM/BILL 866-712-7753 CA 100125 453641 Card#7349,-9.99,1389.72,,
10/2/25,,HARRIS TEETER #0 CLEMMONS NC 100225 500780 Card#7349,-6.09,1399.71,,
10/2/25,,OLB Transfer from *448 to *535 Transfer,1500,1405.8,,
10/1/25,,Daily Ledger Bal,,-94.2,,
10/1/25,,Paid Item Fee,-30,-94.2,,
10/1/25,,IRS USATAXPYMT 3387702000 S STEVEN GRIFFIN,-500,-64.2,,
10/1/25,,NC DEPT REVENUE TAX PYMT 9044030460 S Griffin Steve,-500,435.8,,
10/1/25,,FOOD LION #1062 LEWISVILLE NC 100125 225727 Card#5412,-321.07,935.8,,
10/1/25,,FOOD LION #1062 LEWISVILLE NC 100125 040220 Card#5412,-67.15,1256.87,,
10/1/25,,LinkedInPreA *03 MOUNTAIN VIEW CA 93025 710255 Card#7349,-42.79,1324.02,,
9/30/25,,Daily Ledger Bal,,1366.81,,
9/30/25,,CIRCLE K 01539 4 LEWISVILLE NC 93025 009668 Card#7349,-97.97,1366.81,,
9/30/25,,SPEEDWAY 46962 MORGANTON NC 93025 588524 Card#5412,-30.62,1464.78,,
9/30/25,,SPALDING LABS 8888801579 CO 92925 172444 Card#5412,-27.82,1495.4,,
9/30/25,,TRADER JOE S #74 WINSTONSALEM NC 93025 801019 Card#7349,-7.12,1523.22,,
9/30/25,,CIRCLE K 01539 4 LEWISVILLE NC 93025 418528 Card#7349,-3.63,1530.34,,
9/30/25,,OLB Transfer from *448 to *535 est tax for nc and fed 500 eac,1000,1533.97,,
9/29/25,,Daily Ledger Bal,,533.97,,
9/29/25,,AMAZON.COM*NJ61H SEATTLE WA 92925 000005 Card#7349,-96.29,533.97,,
9/29/25,,UEP*CHINA WOK LEWISVILLE NC 92725 168237 Card#7349,-36.12,630.26,,
9/29/25,,LOWE'S FOODS #1 LEWISVILLE NC 92725 367276 Card#7349,-34.22,666.38,,
9/29/25,,LOWE'S FOODS #1 LEWISVILLE NC 92625 329030 Card#7349,-33.6,700.6,,
9/29/25,,WHOLEFDS WIN 101 WINSTON-SALEM NC 92725 018824 Card#7349,-23.04,734.2,,
9/29/25,,MICROSOFT*MICROS REDMOND WA 92625 550727 Card#7349,-13.9,757.24,,
9/29/25,,THE HOME DEPOT # WINSTON-SALEM NC 92625 000133 Card#7349,-10.35,771.14,,
9/26/25,,Daily Ledger Bal,,781.49,,
9/26/25,,VZWRLSS*APOCC VI 800-922-0204 FL 92625 665835 Card#7349,-155.12,781.49,,
9/26/25,,LOWE'S FOODS #1 LEWISVILLE NC 92625 391322 Card#7349,-84.9,936.61,,
9/26/25,,THE HOME DEPOT # WINSTON-SALEM NC 92525 000309 Card#5412,-59.77,1021.51,,
9/26/25,,MEDITERRANEO PIZ CLEMMONS NC 92525 486675 Card#7349,-53.93,1081.28,,
9/26/25,,COSTCO GAS #036 WINSTON SALEM NC 92525 297517 Card#5412,-32.6,1135.21,,
9/26/25,,AMAZON.COM*8N6BG SEATTLE WA 92525 250000 Card#7349,-19.25,1167.81,,
9/26/25,,COSTCO GAS #036 WINSTON SALEM NC 92525 530232 Card#5412,0,1187.06,,
9/25/25,,Daily Ledger Bal,,1187.06,,
9/25/25,,WHOLEFDS WIN 101 WINSTON-SALEM NC 92425 226579 Card#5412,-78.6,1187.06,,
9/25/25,,WHOLEFDS WIN 101 WINSTON-SALEM NC 92525 158423 Card#5412,-37.15,1265.66,,
9/25/25,,AMAZON.COM*DJ4HG SEATTLE WA 92525 596630 Card#7349,-28.88,1302.81,,
9/25/25,,COOK OUT KESTER WINSTON SALEM NC 92325 166801 Card#5412,-19.56,1331.69,,
9/25/25,,AMAZON.COM*Q85CU SEATTLE WA 92425 580000 Card#7349,-19.25,1351.25,,
9/25/25,,AMAZON.COM*NJ6CQ SEATTLE WA 92525 200000 Card#7349,-13.47,1370.5,,
9/25/25,,TRADER JOE S #74 WINSTONSALEM NC 92525 140537 Card#5412,-7.12,1383.97,,
9/25/25,,AMERICAN FUNDS REDEMPTION 4952566717 STEVEN A GRIFFIN,428,1391.09,,
9/25/25,,LOWES #00436* WINSTON-SALEM NC 92425 802086 Card#5412,9.57,963.09,,
9/24/25,,Daily Ledger Bal,,953.52,,
9/24/25,,US BANK HOME MTG MTGPYMENT 5150841368 S STEVEN A GRIFFIN,-2095.43,953.52,,
9/24/25,,LOWE'S #436 WINSTON SALEM NC 92425 772894 Card#5412,-54.89,3048.95,,
9/24/25,,BATTERIES+BULBS WINSTON SALEM NC 92425 002673 Card#5412,-51.34,3103.84,,
9/24/25,,THE HOME DEPOT # WINSTON-SALEM NC 92425 000585 Card#5412,-50.73,3155.18,,
9/24/25,,TRADER JOE S #74 WINSTONSALEM NC 92425 126185 Card#5412,-49.19,3205.91,,
9/24/25,,TRADER JOE S #74 WINSTONSALEM NC 92325 004710 Card#5412,-41.68,3255.1,,
9/24/25,,AMAZON PRIME*111 AMZN.COM/BILL WA 92325 633071 Card#7349,-16.04,3296.78,,
9/24/25,,DNH*GODADDY#3900 TEMPE AZ 92325 878734 Card#7349,-8.99,3312.82,,
9/23/25,,Daily Ledger Bal,,3321.81,,
9/23/25,,ALLEGACY FEDERAL TRANSFER 1566087383 STEVEN A GRIFFIN,-1133.27,3321.81,,
9/23/25,,FOOD LION #2648 WINSTON-SALEM NC 92325 163575 Card#5412,-209.62,4455.08,,
9/23/25,,LOWE'S #436 WINSTON SALEM NC 92325 478491 Card#5412,-28.65,4664.7,,
9/23/25,,THE HOME DEPOT # WINSTON-SALEM NC 92325 001926 Card#5412,-22.41,4693.35,,
9/23/25,,AMAZON.COM*1D19X SEATTLE WA 92325 900000 Card#7349,-14.97,4715.76,,
9/23/25,,OLB Transfer from *448 to *535 1st mortgage,2095.43,4730.73,,
9/23/25,,OLB Transfer from *448 to *535 Transfer,1500,2635.3,,
9/23/25,,OLB Transfer from *448 to *535 heloc,1133.27,1135.3,,
9/23/25,,OLB Transfer from *448 to *535 Transfer,10,2.03,,
9/22/25,,Daily Ledger Bal,,-7.97,,
9/22/25,,Interest Deposit,0.01,-7.97,,
9/22/25,,AMAZON.COM*0R4EE SEATTLE WA 92125 100000 Card#7349,-426.93,-7.98,,
9/22/25,,PILOT # 1063 MARION NC 92225 145396 Card#7349,-33.92,418.95,,
9/22/25,,WS ROSE SOCIETY KING NC 92025 994975 Card#7349,-26.25,452.87,,
9/22/25,,PILOT # 1063 MARION NC 92225 557936 Card#7349,-13.88,479.12,,
9/22/25,,OLB Transfer from *448 to *535 Transfer,250,493,,
9/22/25,,EBAY O*13-13579- SAN JOSE CA 92125 853791 Card#7349,57.16,243,,
9/22/25,,AMAZON.COM SEATTLE WA 92025 500000 Card#7349,24.6,185.84,,
9/19/25,,Daily Ledger Bal,,161.24,,
9/19/25,,LOWE'S FOODS #1 LEWISVILLE NC 91825 275635 Card#7349,-15.25,161.24,,
9/18/25,,Daily Ledger Bal,,176.49,,
9/18/25,,LOWE'S #436 WINSTON SALEM NC 91725 464466 Card#7349,-64.26,176.49,,
9/18/25,,STAPLES 1090 CLEMMONS NC 91725 238170 Card#7349,-60.98,240.75,,
9/18/25,,APPLE.COM/BILL 866-712-7753 CA 91725 417224 Card#7349,-14.19,301.73,,
9/18/25,,GOOGLE *Google O MOUNTAIN VIEW CA 91725 222071 Card#7349,-9.99,315.92,,
9/17/25,,Daily Ledger Bal,,325.91,,
9/17/25,,WINDSTREAM WSC ACH 4728201000 GRIFFIN STEVE,-73.97,325.91,,
9/17/25,,WHOLEFDS WIN 101 WINSTON-SALEM NC 91625 006135 Card#5412,-122.05,399.88,,
9/17/25,,HARRIS TEETER #2 CLEMMONS NC 91625 128362 Card#7349,-114,521.93,,
9/17/25,,TRADER JOE S #74 WINSTONSALEM NC 91625 062471 Card#5412,-77.32,635.93,,
9/17/25,,TRACTOR-SUPPLY-C CLEMMONS NC 91625 476595 Card#7349,-57.76,713.25,,
9/17/25,,CLEMMONS MILLING CLEMMONS NC 91625 578510 Card#5412,-43.87,771.01,,
9/17/25,,TRADER JOE S #74 WINSTONSALEM NC 91625 041684 Card#5412,-12.2,814.88,,
9/17/25,,APPLE.COM/BILL 866-712-7753 CA 91625 835078 Card#7349,-10.7,827.08,,
9/17/25,,TRACTOR-SUPPLY-C CLEMMONS NC 91625 060504 Card#7349,64.16,837.78,,
9/16/25,,Daily Ledger Bal,,773.62,,
9/16/25,,PROV L&A DIS OP INS.PREM 9725125003 STEVE A GRIFFIN,-254.06,773.62,,
9/16/25,,"MUTUAL OF OMAHA LONG TERM 1470246511 WILSON, TAMMY",-215.67,1027.68,,
9/16/25,3058,Triad Journey Church,-100,1243.35,Check,Charitable Donations
9/16/25,,FOOD LION #1062 LEWISVILLE NC 91625 445257 Card#5412,-396.75,1343.35,,
9/16/25,,LANDS END DODGEVILLE WI 91625 545263 Card#5412,-90.86,1740.1,,
9/16/25,,PUBLIX SUPER MAR CLEMMONS NC 91625 068637 Card#5412,-65.54,1830.96,,
9/16/25,,EBAY O*13-13579- SAN JOSE CA 91525 444239 Card#7349,-57.16,1896.5,,
9/16/25,,TRACTOR-SUPPLY-C CLEMMONS NC 91625 342111 Card#5412,-48.57,1953.66,,
9/16/25,,HARRIS TEETER #0 CLEMMONS NC 91625 744317 Card#5412,-32.44,2002.23,,
9/16/25,,OLB Transfer from *448 to *535 Transfer,1100,2034.67,,
9/15/25,,Daily Ledger Bal,,934.67,,
9/15/25,,CINTI LIF INS CO PREM DEBIT 1311213778 STEVEN GRIFFIN,-234.96,934.67,,
9/15/25,,WHOLEFDS WIN 101 WINSTON-SALEM NC 91325 700040 Card#5412,-379.6,1169.63,,
9/15/25,,COSTCO WHSE #03 WINSTON SALEM NC 91325 747519 Card#5412,-123.85,1549.23,,
9/15/25,,SEA PRODUCTS INC WINSTON SALEM NC 91325 493064 Card#5412,-118.88,1673.08,,
9/15/25,,CHOICE HOME WARR EDISON NJ 91225 450176 Card#7349,-97.63,1791.96,,
9/15/25,,Smithermans Hard LEWISVILLE NC 91225 397698 Card#7349,-86.57,1889.59,,
9/15/25,,COSTCO GAS #036 WINSTON SALEM NC 91325 108251 Card#5412,-40.13,1976.16,,
9/15/25,,SALEM KITCHEN WINSTON SALEM NC 91225 577224 Card#5412,-37.93,2016.29,,
9/15/25,,DNH*GODADDY#3888 TEMPE AZ 91225 030360 Card#7349,-35.18,2054.22,,
9/15/25,,HARVEST 6467557737 NY 91425 579689 Card#7349,-12,2089.4,,
9/15/25,,SQ *FAIR SHARE F PFAFFTOWN NC 91325 971179 Card#5412,-6,2101.4,,
9/15/25,,OLB Transfer from *448 to *535 Transfer,1000,2107.4,,
9/12/25,,Daily Ledger Bal,,1107.4,,
9/12/25,,WHOLEFDS WIN 101 WINSTON-SALEM NC 91225 710280 Card#5412,-496.02,1107.4,,
9/12/25,,DNH*GODADDY#3887 TEMPE AZ 91125 807866 Card#7349,-69.75,1603.42,,
9/12/25,,LANDS END DODGEVILLE WI 90925 868216 Card#5412,-32.06,1673.17,,
9/12/25,,O'REILLY 5246 WINSTON-SALEM NC 91225 582267 Card#7349,-29.93,1705.23,,
9/12/25,,COVENANT EYES OWOSSO MI 91125 771910 Card#7349,-18,1735.16,,
9/11/25,,Daily Ledger Bal,,1753.16,,
9/11/25,,TFSBillPay.com 8 JERICHO NY 91025 554570 Card#7349,-291.99,1753.16,,
9/11/25,,FIRST WATCH 6069 HICKORY NC 91025 445675 Card#7349,-66.73,2045.15,,
9/11/25,,CRATE&BARREL CB2 800-967-6696 IL 90925 674580 Card#5412,-25.15,2111.88,,
9/11/25,,SLACK T0922P4PME SAN FRANCISCO CA 91125 453015 Card#7349,-8.75,2137.03,,
9/11/25,,OLB Transfer from *448 to *535 Transfer,1500,2145.78,,
9/10/25,,Daily Ledger Bal,,645.78,,
9/10/25,,THE HOME DEPOT # HICKORY NC 91025 002263 Card#7349,-70.49,645.78,,
9/10/25,,GFL - ENV 919-662-7100 NC 90925 234436 Card#7349,-68.07,716.27,,
9/10/25,,THE HOME DEPOT # HICKORY NC 91025 000638 Card#7349,-32.06,784.34,,
9/10/25,,HTTPS://SCRIBE.H SAN FRANCISCO CA 90925 677129 Card#7349,-29,816.4,,
9/10/25,,SHEETZ 0455 MOCKSVILLE NC 91025 239704 Card#5412,-5.09,845.4,,
9/9/25,,Daily Ledger Bal,,850.49,,
9/9/25,,CINTI LIF INS CO PREM DEBIT 1311213778 TAMMY WILSON,-139.92,850.49,,
9/9/25,,ACI***AccessOne Web Pay 1222528268 TAMMY WILSON,-25,990.41,,
9/9/25,,TRAVELERS PER IN 800-842-5075 CT 90825 190996 Card#7349,-434.04,1015.41,,
9/9/25,,ADVANCE AUTO PAR CLEMMONS NC 90925 854539 Card#7349,-175.47,1449.45,,
9/9/25,,O'REILLY 5246 WINSTON-SALEM NC 90925 409049 Card#7349,-112.34,1624.92,,
9/9/25,,O'REILLY 5246 WINSTON-SALEM NC 90925 525593 Card#7349,-58.85,1737.26,,
9/9/25,,SWP*REVCO SOLUTI COLUMBUS OH 90825 911886 Card#7349,-54.35,1796.11,,
9/9/25,,SWP*REVCO SOLUTI COLUMBUS OH 90825 307824 Card#7349,-30,1850.46,,
9/9/25,,SPALDING LABS 8888801579 CO 90825 454766 Card#5412,-27.82,1880.46,,
9/9/25,,FOOD LION #1062 LEWISVILLE NC 90925 077165 Card#7349,-4.08,1908.28,,
9/9/25,,FOOD LION #1062 LEWISVILLE NC 90925 055520 Card#7349,-4.08,1912.36,,
9/9/25,,O'REILLY 3957 CLEMMONS NC 90925 465190 Card#7349,58.85,1916.44,,
9/8/25,,Daily Ledger Bal,,1857.59,,
9/8/25,,DUKEENERGYCORPOR WEB_PAY 4700130001 1101368049,-1225.34,1857.59,,
9/8/25,,FISHEL STEEL WINSTON SALEM NC 90525 502706 Card#7349,-313.3,3082.93,,
9/8/25,,FOOD LION #1062 LEWISVILLE NC 90625 216285 Card#5412,-231.64,3396.23,,
9/8/25,,TST*DI LISIOS WINSTON-SALEM NC 90525 834947 Card#5412,-143.05,3627.87,,
9/8/25,,TRACTOR-SUPPLY-C CLEMMONS NC 90825 890198 Card#7349,-119.78,3770.92,,
9/8/25,,TRACTOR-SUPPLY-C CLEMMONS NC 90525 969312 Card#5412,-106.38,3890.7,,
9/8/25,,CIRCLE K 01539 4 LEWISVILLE NC 90625 919193 Card#5412,-100,3997.08,,
9/8/25,,PUBLIX SUPER MAR CLEMMONS NC 90725 735480 Card#7349,-57.71,4097.08,,
9/8/25,,CIRCLE K 01539 4 LEWISVILLE NC 90725 934637 Card#7349,-29.73,4154.79,,
9/8/25,,COOK OUT CLEMMON CLEMMONS NC 90525 125288 Card#5412,-28.32,4184.52,,
9/8/25,,TST*DI LISIOS WINSTON-SALEM NC 90525 221643 Card#5412,-16.05,4212.84,,
9/8/25,,FOOD LION #1062 LEWISVILLE NC 90725 480691 Card#5412,-8.58,4228.89,,
9/8/25,,COOK OUT CLEMMON CLEMMONS NC 90525 524211 Card#5412,-5.76,4237.47,,
9/8/25,,PUBLIX SUPER MAR CLEMMONS NC 90725 735481 Card#7349,-5.13,4243.23,,
9/8/25,,SALLY BEAUTY #24 WINSTON SALEM NC 90525 387220 Card#5412,50.27,4248.36,,
9/5/25,,Daily Ledger Bal,,4198.09,,
9/5/25,,"MUTUAL OF OMAHA LONG TERM 1470246511 GRIFFIN, STEVE",-149.88,4198.09,,
9/5/25,,SBA EIDL LOAN PAYMENT 7300000118 R STEVE GRIFFIN,-120,4347.97,,
9/5/25,,SQ *PLUM GRANNY KING NC 90525 677145 Card#5412,-191.25,4467.97,,
9/5/25,,GABB WIRELESS 385-235-6646 UT 90425 018672 Card#7349,-46.78,4659.22,,
9/5/25,,BP#1088100QUALI LEWISVILLE NC 90525 124913 Card#7349,-37.61,4706,,
9/5/25,,Harbor Freight T WINSTON SALEM NC 90525 000233 Card#7349,-29.93,4743.61,,
9/5/25,,Harbor Freight T WINSTON SALEM NC 90525 001020 Card#5412,-26.74,4773.54,,
9/5/25,,"NEW GROWTH PRESS PAYROLL 9111111101 GRIFFIN,STEVEN A",2241.34,4800.28,,
9/5/25,,AMERICAN FUNDS REDEMPTION 4952566717 STEVEN A GRIFFIN,1000.88,2558.94,,
9/4/25,,Daily Ledger Bal,,1558.06,,
9/4/25,,WHOLEFDS 41 MIL WINSTON-SALEM NC 90425 127721 Card#5412,-286.53,1558.06,,
9/4/25,,TRADER JO 246 S WINSTONSALEM NC 90425 006058 Card#5412,-84.16,1844.59,,
9/4/25,,DILLARDS 145 HAN WINSTON-SALEM NC 90425 442096 Card#5412,-69.29,1928.75,,
9/4/25,,DILLARDS 145 HAN WINSTON-SALEM NC 90425 169568 Card#5412,-49.97,1998.04,,
9/4/25,,CIRCLE K 01539 4 LEWISVILLE NC 90425 746237 Card#5412,-38.36,2048.01,,
9/4/25,,APPLE.COM/BILL 866-712-7753 CA 90425 754337 Card#5412,-2.99,2086.37,,
9/4/25,,AMERICAN FUNDS REDEMPTION 4952566717 STEVEN A GRIFFIN,1500,2089.36,,
9/4/25,,AIRWALLEX pay_1Lmada 1371913769 Steve Griffin,209,589.36,,
9/3/25,,Daily Ledger Bal,,380.36,,
9/3/25,,BCBS NC IND DRAFT 1560894904 R steve griffin,-47.72,380.36,,
9/3/25,,BCBS NC IND DRAFT 1560894904 R steve grifin,-32.72,428.08,,
9/3/25,,Transfer via Bank Representative,500,460.8,,
9/2/25,,Daily Ledger Bal,,-39.2,,
9/2/25,,INVISIBLE FENCE KNOXVILLE TN 82925 543184 Card#7349,-330.63,-39.2,,
9/2/25,,FOOD LION #1062 LEWISVILLE NC 83025 126432 Card#5412,-231.78,291.43,,
9/2/25,,ANGELINA S TEA WINSTON SALEM NC 83025 000003 Card#7349,-119.15,523.21,,
9/2/25,,Spectrum 855-707-7328 MO 83125 674958 Card#7349,-115,642.36,,
9/2/25,,Alliance Califor SOUTH GATE CA 82925 324589 Card#7349,-107.49,757.36,,
9/2/25,,MENNONITE YOUR W LITITZ PA 82925 458513 Card#5412,-85,864.85,,
9/2/25,,REEDY FORK ORGAN ELON NC 82825 529502 Card#7349,-75.44,949.85,,
9/2/25,,REAL Q WINSTON SALEM NC 83025 049746 Card#5412,-67.34,1025.29,,
9/2/25,,BLOCKSITE WILMINGTON DE 83125 395754 Card#7349,-47.88,1092.63,,
9/2/25,,LinkedInPreA *59 MOUNTAIN VIEW CA 83025 148301 Card#7349,-42.79,1140.51,,
9/2/25,,FOOD LION #2655 CLEMMONS NC 90125 355318 Card#5412,-35.97,1183.3,,
9/2/25,,PUBLIX SUPER MAR WINSTON-SALEM NC 83025 059931 Card#7349,-29.27,1219.27,,
9/2/25,,LOWE'S FOOD #16 CLEMMONS NC 83025 936753 Card#7349,-24.38,1248.54,,
9/2/25,,CTLP*LAUNDRY LAN DANVILLE VA 83025 771619 Card#5412,-15,1272.92,,
9/2/25,,CTLP*LAUNDRY LAN DANVILLE VA 83025 772542 Card#5412,-15,1287.92,,
9/2/25,,APPLE.COM/BILL CUPERTINO CA 90125 656099 Card#7349,-9.99,1302.92,,
9/2/25,,CTLP*LAUNDRY LAN DANVILLE VA 83025 781424 Card#7349,-4.25,1312.91,,
9/2/25,,CTLP*LAUNDRY LAN DANVILLE VA 83025 008888 Card#5412,-3.5,1317.16,,
9/2/25,,OLB Transfer from *448 to *535 Transfer,500,1320.66,,
9/2/25,,OLB Transfer from *448 to *535 Transfer,40,820.66,,
8/29/25,,Daily Ledger Bal,,780.66,,
8/29/25,,CIRCLE K 01539 4 LEWISVILLE NC 82925 101147 Card#5412,-27.17,780.66,,
8/29/25,,AMAZON.COM*VL962 SEATTLE WA 82925 500000 Card#7349,-24.6,807.83,,
8/29/25,,OLB Transfer from *448 to *535 Transfer,500,832.43,,
8/29/25,,"Garnet Hill, Inc FRANCONIA NH 82825 986010 Card#5412",151.51,332.43,,
8/29/25,,AMAZON.COM SEATTLE WA 82825 400000 Card#7349,98.43,180.92,,
8/28/25,,Daily Ledger Bal,,82.49,,
8/28/25,,COSTCO WHSE #03 WINSTON SALEM NC 82725 323269 Card#5412,-315.9,82.49,,
8/28/25,,DISCOUNT- 130 HA WINSTON-SALEM NC 82725 202361 Card#5412,-286.32,398.39,,
8/28/25,,WHOLEFDS 41 MIL WINSTON-SALEM NC 82825 027617 Card#5412,-136.84,684.71,,
8/28/25,,HOUSE OF PLANTS WINSTON SALEM NC 82725 550262 Card#5412,-65.92,821.55,,
8/28/25,,Harbor Freight T WINSTON SALEM NC 82825 000630 Card#5412,-38.48,887.47,,
8/28/25,,AMAZON.COM*T4317 SEATTLE WA 82725 000005 Card#7349,-34.23,925.95,,
8/28/25,,ZIPS CAR WASH PLANO TX 82725 070444 Card#5412,-24,960.18,,
8/28/25,,LAMPS & SHADES I WINSTON-SALEM NC 82725 695863 Card#5412,-21.4,984.18,,
8/28/25,,WHOLEFDS 41 MIL WINSTON-SALEM NC 82825 003615 Card#5412,-12.29,1005.58,,
8/28/25,,AMAZON.COM*Z76VH SEATTLE WA 82825 000001 Card#7349,-9.62,1017.87,,
8/27/25,,Daily Ledger Bal,,1027.49,,
8/27/25,,BP#1085400QUALI WINSTON SALEM NC 82725 139196 Card#5412,-40.52,1027.49,,
8/27/25,,CTLP*LAUNDRY LAN DANVILLE VA 82625 390286 Card#5412,-15,1068.01,,
8/27/25,,CTLP*LAUNDRY LAN DANVILLE VA 82625 534090 Card#5412,-15,1083.01,,
8/27/25,,MICROSOFT*MICROS REDMOND WA 82725 302195 Card#7349,-13.9,1098.01,,
8/27/25,,CTLP*LAUNDRY LAN DANVILLE VA 82625 400388 Card#5412,-5.75,1111.91,,
8/26/25,,Daily Ledger Bal,,1117.66,,
8/26/25,,"Garnet Hill, Inc FRANCONIA NH 82525 406123 Card#5412",-213.95,1117.66,,
8/26/25,,VZWRLSS*APOCC VI 800-922-0204 FL 82625 898693 Card#7349,-125.59,1331.61,,
8/25/25,,Daily Ledger Bal,,1457.2,,
8/25/25,,WHOLEFDS 41 MIL WINSTON-SALEM NC 82325 604746 Card#5412,-191.45,1457.2,,
8/25/25,,MEDITERRANEO PIZ CLEMMONS NC 82325 625468 Card#7349,-79.16,1648.65,,
8/25/25,,MONTE DE REY OF CLEMMONS NC 82125 998300 Card#7349,-50.22,1727.81,,
8/25/25,,SQ *RED TAIL GRA WINSTON-SALEM NC 82325 826985 Card#5412,-46.73,1778.03,,
8/25/25,,SQ *LOUIE AND HO WINSTON SALEM NC 82325 859955 Card#5412,-43.73,1824.76,,
8/25/25,,AMAZON.COM*XP5CP SEATTLE WA 82225 500000 Card#7349,-40.65,1868.49,,
8/25/25,,AMAZON.COM*U73ZX SEATTLE WA 82225 600000 Card#7349,-35.76,1909.14,,
8/25/25,,BASS PRO ONLINE SPRINGFIELD MO 82225 428989 Card#5412,-26.74,1944.9,,
8/25/25,,BASS PRO ONLINE SPRINGFIELD MO 82225 175014 Card#5412,-26.74,1971.64,,
8/25/25,,LAMPS & SHADES I WINSTON-SALEM NC 82225 579082 Card#5412,-25.68,1998.38,,
8/25/25,,LOWE'S FOODS #1 LEWISVILLE NC 82525 305768 Card#7349,-25.46,2024.06,,
8/25/25,,FOOD LION #1062 LEWISVILLE NC 82325 013341 Card#7349,-24.02,2049.52,,
8/25/25,,BASS PRO ONLINE SPRINGFIELD MO 82225 611555 Card#5412,-19.23,2073.54,,
8/25/25,,AMAZON PRIME*GW6 AMZN.COM/BILL WA 82325 399778 Card#7349,-16.04,2092.77,,
8/25/25,,FOOD LION #1062 LEWISVILLE NC 82525 440267 Card#7349,-13.33,2108.81,,
8/25/25,,SQ *WHITE FAMILY WINSTON-SALEM NC 82325 896503 Card#5412,-10.2,2122.14,,
8/25/25,,AMAZON.COM*QQ014 SEATTLE WA 82225 000006 Card#7349,-9.29,2132.34,,
8/25/25,,DNH*GODADDY#3864 TEMPE AZ 82325 646516 Card#7349,-8.99,2141.63,,
8/25/25,,CIRCLE K 01539 4 LEWISVILLE NC 82425 346156 Card#7349,-6.12,2150.62,,
8/25/25,,FOOD LION #1062 LEWISVILLE NC 82425 287557 Card#7349,-5.29,2156.74,,
8/25/25,,OLB Transfer from *448 to *535 Transfer,2000,2162.03,,
8/25/25,,AMAZON.COM SEATTLE WA 82525 500000 Card#7349,37.43,162.03,,
8/22/25,,Daily Ledger Bal,,124.6,,
8/22/25,,Interest Deposit,0.01,124.6,,
8/22/25,,FOOD LION #1062 LEWISVILLE NC 82225 135770 Card#5412,-256.03,124.59,,
8/22/25,,COSTCO GAS #036 WINSTON SALEM NC 82225 639539 Card#5412,-100,380.62,,
8/22/25,,AMAZON.COM*MY9MU SEATTLE WA 82225 000008 Card#7349,-37.43,480.62,,
8/22/25,,CIRCLE K 01539 4 LEWISVILLE NC 82125 663892 Card#7349,-27.42,518.05,,
8/22/25,,4314 GREAT CLIPS CLEMMONS NC 82125 559377 Card#7349,-25,545.47,,
8/22/25,,CIRCLE K 01539 4 LEWISVILLE NC 82125 139736 Card#7349,0,570.47,,
8/21/25,,Daily Ledger Bal,,570.47,,
8/21/25,,TST*RIVER BIRCH WINSTON-SALEM NC 81925 746151 Card#7349,-91.01,570.47,,
8/21/25,,DOMINO'S 5554 LEWISVILLE NC 82025 095721 Card#7349,-45.6,661.48,,
8/21/25,,SALEM KITCHEN WINSTON SALEM NC 82025 127108 Card#5412,-32.1,707.08,,
8/21/25,,AMAZON.COM*UA5WN SEATTLE WA 82025 000065 Card#7349,-5.34,739.18,,
8/21/25,,KOHL'S #0287 WINSTON-SALEM NC 81925 883351 Card#7349,355.2,744.52,,
8/20/25,,Daily Ledger Bal,,389.32,,
8/20/25,,AMAZON.COM*XC35O SEATTLE WA 81925 550000 Card#7349,-98.43,389.32,,
8/20/25,,TRADER JO 246 S WINSTONSALEM NC 81925 058407 Card#7349,-7.12,487.75,,
8/19/25,,Daily Ledger Bal,,494.87,,
8/19/25,,LIVING WATERS SP CANBY OR 81825 017579 Card#5412,-619,494.87,,
8/19/25,,WHOLEFDS 41 MIL WINSTON-SALEM NC 81925 824903 Card#5412,-227.33,1113.87,,
8/19/25,,SPALDING LABS 8888801579 CO 81825 975197 Card#5412,-27.82,1341.2,,
8/19/25,,APPLE.COM/BILL CUPERTINO CA 81725 823371 Card#7349,-14.19,1369.02,,
8/19/25,,Cashed Check,-1000,1383.21,,
8/19/25,,OLB Transfer from *448 to *535 Transfer,1000,2383.21,,
8/18/25,,Daily Ledger Bal,,1383.21,,
8/18/25,,PROV L&A DIS OP INS.PREM 9725125003 STEVE A GRIFFIN,-254.06,1383.21,,
8/18/25,,"MUTUAL OF OMAHA LONG TERM 1470246511 WILSON, TAMMY",-215.67,1637.27,,
8/18/25,,WINDSTREAM WSC ACH 4728201000 GRIFFIN STEVE,-73.97,1852.94,,
8/18/25,,Harbor Freight T WINSTON SALEM NC 81625 000790 Card#7349,-143.94,1926.91,,
8/18/25,,WHOLEFDS 41 MIL WINSTON-SALEM NC 81725 254867 Card#7349,-124.42,2070.85,,
8/18/25,,COSTCO GAS #036 WINSTON SALEM NC 81625 968732 Card#7349,-91.48,2195.27,,
8/18/25,,GOV*NC DMV RALEIGH NC 81725 348402 Card#7349,-80.85,2286.75,,
8/18/25,,HARRIS TE 4150 C CLEMMONS NC 81625 040148 Card#7349,-45.19,2367.6,,
8/18/25,,HARRIS TEETER #2 CLEMMONS NC 81625 128485 Card#7349,-39.45,2412.79,,
8/18/25,,MONTE DE REY OF CLEMMONS NC 81425 880887 Card#7349,-39,2452.24,,
8/18/25,,WSMIXXER.ORG SAN FRANCISCO CA 81625 164188 Card#7349,-35,2491.24,,
8/18/25,,FOOD LION #1062 LEWISVILLE NC 81725 420229 Card#7349,-34.32,2526.24,,
8/18/25,,HARRIS TE 4150 C CLEMMONS NC 81725 655964 Card#5412,-24.12,2560.56,,
8/18/25,,145 - STRICKLAND WINSTON SALEM NC 81625 209865 Card#7349,-13.6,2584.68,,
8/18/25,,HARRIS TEETER #0 CLEMMONS NC 81625 572668 Card#7349,-12.22,2598.28,,
8/18/25,,GOOGLE *Google O MOUNTAIN VIEW CA 81725 120815 Card#7349,-9.99,2610.5,,
8/18/25,,COOK OUT CLEMMON CLEMMONS NC 81725 904568 Card#7349,-9.73,2620.49,,
8/18/25,,OLB Transfer from *448 to *535 Transfer,1000,2630.22,,
8/18/25,,OLB Transfer from *448 to *535 Transfer,750,1630.22,,
8/18/25,,AMAZON.COM SEATTLE WA 81825 740000 Card#7349,143.59,880.22,,
8/15/25,,Daily Ledger Bal,,736.63,,
8/15/25,,"Garnet Hill, Inc FRANCONIA NH 81225 098180 Card#5412",-305.9,736.63,,
8/15/25,,SurryCCBk 1 Coll DOBSON NC 81525 630780 Card#5412,-193.68,1042.53,,
8/15/25,,SP NEVERBUYANOTH DELANO TN 81425 876009 Card#7349,-139.99,1236.21,,
8/15/25,,HARVEST 6467557737 NY 81425 272603 Card#7349,-12,1376.2,,
8/14/25,,Daily Ledger Bal,,1388.2,,
8/14/25,,CINTI LIF INS CO PREM DEBIT 1311213778 STEVEN GRIFFIN,-234.96,1388.2,,
8/14/25,,FOOD LION #1062 LEWISVILLE NC 81425 102897 Card#5412,-216.54,1623.16,,
8/14/25,,DAVIDS CLEANERS WINSTON SALEM NC 81225 291442 Card#5412,-55.64,1839.7,,
8/14/25,,FOOD LION #1062 LEWISVILLE NC 81425 145253 Card#5412,-30.96,1895.34,,
8/14/25,,AMAZON.COM*LJ4TQ SEATTLE WA 81425 120000 Card#7349,-17.98,1926.3,,
8/14/25,,WENDYS 429 CLEMMONS NC 81325 186878 Card#7349,-16.78,1944.28,,
8/14/25,,AMAZON.COM*OI3QK SEATTLE WA 81425 300000 Card#7349,-8.55,1961.06,,
8/14/25,,Harbor Freight T WINSTON SALEM NC 81425 000908 Card#7349,-5.87,1969.61,,
8/13/25,,Daily Ledger Bal,,1975.48,,
8/13/25,,ALLEGACY FEDERAL TRANSFER 1566087383 STEVEN A GRIFFIN,-1133.69,1975.48,,
8/13/25,,CHOICE HOME WARR EDISON NJ 81225 168942 Card#7349,-97.63,3109.17,,
8/13/25,,AMAZON.COM*6S0RE SEATTLE WA 81325 700000 Card#7349,-66.33,3206.8,,
8/12/25,,Daily Ledger Bal,,3273.13,,
8/12/25,,TFSBillPay.com 8 JERICHO NY 81025 487876 Card#7349,-291.99,3273.13,,
8/12/25,,WHOLEFDS 41 MIL WINSTON-SALEM NC 81225 014531 Card#5412,-171.91,3565.12,,
8/12/25,,SP BRAIDED-RUGS. LILBURN GA 81125 900802 Card#5412,-79.98,3737.03,,
8/12/25,,AMAZON.COM*X32NW SEATTLE WA 81225 000008 Card#7349,-74.89,3817.01,,
8/12/25,,Wakefield KNOXVILLE TN 80825 808523 Card#7349,-30,3891.9,,
8/12/25,,DNH*GODADDY#3849 TEMPE AZ 81125 764164 Card#7349,-21.99,3921.9,,
8/12/25,,COVENANT EYES OWOSSO MI 81125 454969 Card#7349,-18,3943.89,,
8/12/25,,OLB Transfer from *448 to *535 Transfer,3000,3961.89,,
8/11/25,,Daily Ledger Bal,,961.89,,
8/11/25,,CINTI LIF INS CO PREM DEBIT 1311213778 TAMMY WILSON,-139.92,961.89,,
8/11/25,,ACI***AccessOne Web Pay 1222528268 TAMMY WILSON,-25,1101.81,,
8/11/25,,WWW.KOHLS.COM #0 MIDDLETOWN OH 80825 715036 Card#7349,-300.42,1126.81,,
8/11/25,,WHOLEFDS 41 MIL WINSTON-SALEM NC 80825 222396 Card#5412,-198.47,1427.23,,
8/11/25,,FISHEL STEEL WINSTON SALEM NC 80825 422606 Card#7349,-192.6,1625.7,,
8/11/25,,AMAZON.COM*ZT59I SEATTLE WA 80925 325484 Card#7349,-143.59,1818.3,,
8/11/25,,WWW.KOHLS.COM #0 MIDDLETOWN OH 80825 779768 Card#7349,-85.59,1961.89,,
8/11/25,,SWP*REVCO SOLUTI COLUMBUS OH 80825 759581 Card#7349,-54.35,2047.48,,
8/11/25,,LAMPS & SHADES I WINSTON-SALEM NC 80825 361657 Card#5412,-53.5,2101.83,,
8/11/25,,ADVANCE AUTO PAR WINSTON-SALE NC 80925 623913 Card#7349,-49.19,2155.33,,
8/11/25,,13 BONES RIBS ST MOUNT AIRY NC 80725 312384 Card#5412,-31.75,2204.52,,
8/11/25,,CIRCLE K 01539 4 LEWISVILLE NC 81025 759358 Card#7349,-29.6,2236.27,,
8/11/25,,WHOLEFDS 41 MIL WINSTON-SALEM NC 80925 219337 Card#5412,-27.62,2265.87,,
8/11/25,,FOOD LION #1062 LEWISVILLE NC 81025 022588 Card#7349,-22,2293.49,,
8/11/25,,COOK OUT KESTER WINSTON SALEM NC 80925 255323 Card#7349,-14.25,2315.49,,
8/11/25,,PUBLIX SUPER MAR WINSTON-SALEM NC 80925 739017 Card#5412,-10.68,2329.74,,
8/11/25,,Prime Video *QB8 888-802-3080 WA 80925 149960 Card#7349,-4.06,2340.42,,
8/11/25,,ATRWAKEHEALTH C2 CLEMMONS NC 80725 550771 Card#7349,150,2344.48,,
8/11/25,,LOWES #00436* WINSTON-SALEM NC 80825 919061 Card#7349,59.83,2194.48,,
8/8/25,,Daily Ledger Bal,,2134.65,,
8/8/25,,US BANK HOME MTG MTGPYMENT 5150841368 S STEVEN A GRIFFIN,-2095.43,2134.65,,
8/8/25,,TRAVELERS PER IN 800-842-5075 CT 80725 017910 Card#7349,-434.04,4230.08,,
8/8/25,,COSTCO WHSE #03 WINSTON SALEM NC 80825 263202 Card#5412,-138.81,4664.12,,
8/8/25,,MURPHY EXPRESS 8 WINSTON-SALEM NC 80825 806575 Card#7349,-26.04,4802.93,,
8/8/25,,FOOD LION #1062 LEWISVILLE NC 80825 412053 Card#7349,-23,4828.97,,
8/8/25,,PARCHMENT-UNIV D 480-719-1646 AZ 80625 637104 Card#7349,-9.4,4851.97,,
8/8/25,,SQ *GROUNDED COF MOUNT AIRY NC 80725 585234 Card#5412,-5.25,4861.37,,
8/7/25,,Daily Ledger Bal,,4866.62,,
8/7/25,,SurryCCBk 1 Coll DOBSON NC 80725 618900 Card#5412,-959.99,4866.62,,
8/7/25,,CIRCLE K 01539 4 LEWISVILLE NC 80725 418212 Card#5412,-30.25,5826.61,,
8/7/25,,OLB Transfer from *448 to *535 Transfer,1000,5856.86,,
8/6/25,,Daily Ledger Bal,,4856.86,,
8/6/25,,LAMPS & SHADES I WINSTON-SALEM NC 80525 753123 Card#5412,-114.49,4856.86,,
8/6/25,,Walmart.com BENTONVILLE AR 80625 246313 Card#7349,-36.41,4971.35,,
8/6/25,,ROCKETLAW 877-75 SAN FRANCISCO CA 80425 429619 Card#7349,39.99,5007.76,,
8/5/25,,Daily Ledger Bal,,4967.77,,
8/5/25,,"MUTUAL OF OMAHA LONG TERM 1470246511 GRIFFIN, STEVE",-149.88,4967.77,,
8/5/25,,SBA EIDL LOAN PAYMENT 7300000118 R STEVE GRIFFIN,-120,5117.65,,
8/5/25,,BCBS NC IND DRAFT 1560894904 R steve griffin,-47.72,5237.65,,
8/5/25,,BCBS NC IND DRAFT 1560894904 R steve grifin,-32.72,5285.37,,
8/5/25,,SQ *FOILS INCORP HARRISBURG NC 80425 827385 Card#5412,-276.62,5318.09,,
8/5/25,,WHOLEFDS 41 MIL WINSTON-SALEM NC 80425 263699 Card#5412,-209.26,5594.71,,
8/5/25,,GABB WIRELESS 385-235-6646 UT 80425 621447 Card#7349,-43.51,5803.97,,
8/5/25,,MCDONALD'S F2655 WINSTON SALEM NC 80425 490738 Card#5412,-6.83,5847.48,,
8/5/25,,"NEW GROWTH PRESS PAYROLL 9111111101 GRIFFIN,STEVEN A",2557.17,5854.31,,
8/4/25,,Daily Ledger Bal,,3297.14,,
8/4/25,,LAMPS & SHADES I WINSTON-SALEM NC 80225 318505 Card#5412,-103.06,3297.14,,
8/4/25,,THE HOME DEPOT # WINSTON-SALEM NC 80225 001176 Card#5412,-59.72,3400.2,,
8/4/25,,WHOLEFDS 41 MIL WINSTON-SALEM NC 80225 245998 Card#5412,-42.58,3459.92,,
8/4/25,,Smithermans Hard LEWISVILLE NC 80225 734471 Card#5412,-38.48,3502.5,,
8/4/25,,SHELL OIL1306892 STAUNTON VA 80125 872589 Card#7349,-34.89,3540.98,,
8/4/25,,COSTCO GAS #036 WINSTON SALEM NC 80225 258557 Card#5412,-27.65,3575.87,,
8/4/25,,TST*THE VILLAGE DRAPER VA 80125 961815 Card#7349,-27.36,3603.52,,
8/4/25,,AMAZON.COM*J77KS SEATTLE WA 80325 364900 Card#7349,-12.81,3630.88,,
8/4/25,,APPLE.COM/BILL 866-712-7753 CA 80125 180304 Card#7349,-9.99,3643.69,,
8/4/25,,AMAZON.COM*3E3TC SEATTLE WA 80225 100000 Card#7349,-8.51,3653.68,,
8/4/25,,APPLE.COM/BILL 866-712-7753 CA 80425 252063 Card#5412,-2.99,3662.19,,
8/4/25,,"Zelle Credit Zelle Pay from HSM LABS, INC.",1500,3665.18,,
8/4/25,,OLB Transfer from *448 to *535 Transfer,1000,2165.18,,
8/4/25,,AMAZON.COM SEATTLE WA 80225 100000 Card#7349,332.98,1165.18,,
8/1/25,,Daily Ledger Bal,,832.2,,
8/1/25,,SQ *THE BEST PLA BUCHANAN VA 80125 584107 Card#7349,-137.18,832.2,,
8/1/25,,Spectrum 855-707-7328 MO 73125 558441 Card#7349,-113,969.38,,
8/1/25,,TST* THREE BULLS CLEMMONS NC 73125 515725 Card#7349,-97.5,1082.38,,
8/1/25,,BRUGHS MILL COUN FINCASTLE VA 80125 547974 Card#7349,-92.27,1179.88,,
8/1/25,,REAL Q WINSTON SALEM NC 73025 213154 Card#5412,-58.42,1272.15,,
8/1/25,,HABITAT FOR HUMA WINSTON SALEM NC 73025 912092 Card#5412,-40.93,1330.57,,
8/1/25,,QUALITY MART42 CLEMMONS NC 73125 310539 Card#7349,-28.77,1371.5,,
8/1/25,,MCDONALD'S F3875 STAUNTON VA 80125 618970 Card#7349,-28.46,1400.27,,
7/31/25,,Daily Ledger Bal,,1428.73,,
7/31/25,,"MUTUAL OF OMAHA LONG TERM 1470246511 WILSON, TAMMY",-215.67,1428.73,,
7/31/25,,TRACTOR-SUPPLY-C CLEMMONS NC 73025 560687 Card#5412,-57.76,1644.4,,
7/31/25,,LinkedInPreA *14 MOUNTAIN VIEW CA 73025 240270 Card#7349,-42.79,1702.16,,
7/31/25,,SALEM KITCHEN WINSTON SALEM NC 73025 240820 Card#5412,-25.15,1744.95,,
7/31/25,,SALEM KITCHEN WINSTON SALEM NC 73025 845566 Card#5412,-24.5,1770.1,,
7/31/25,,SALEM KITCHEN WINSTON SALEM NC 73025 377584 Card#5412,-16.05,1794.6,,
7/31/25,,AMAZON.COM*UE106 SEATTLE WA 73125 400000 Card#7349,-7.48,1810.65,,
7/31/25,,Smithermans Hard LEWISVILLE NC 73025 265835 Card#7349,17.63,1818.13,,
7/30/25,,Daily Ledger Bal,,1800.5,,
7/30/25,,PPG PAINTS 9490 WINSTON SALEM NC 73025 002100 Card#5412,-56.99,1800.5,,
7/30/25,,PUBLIX SUPER MAR WINSTON-SALEM NC 73025 052984 Card#5412,-44.59,1857.49,,
7/30/25,,FOOD LION #1062 LEWISVILLE NC 73025 484378 Card#5412,-33.02,1902.08,,
7/30/25,,FOOD LION #1062 LEWISVILLE NC 73025 445417 Card#5412,-26.98,1935.1,,
7/30/25,,LOWE'S FOODS #1 LEWISVILLE NC 72925 205438 Card#5412,-22.59,1962.08,,
7/30/25,,AMAZON.COM*4G6WR SEATTLE WA 73025 500000 Card#7349,-10.69,1984.67,,
7/29/25,,Daily Ledger Bal,,1995.36,,
7/29/25,,WHOLEFDS 41 MIL WINSTON-SALEM NC 72925 112171 Card#5412,-240.11,1995.36,,
7/29/25,,SPALDING LABS 8888801579 CO 72825 138403 Card#5412,-27.82,2235.47,,
7/28/25,,Daily Ledger Bal,,2263.29,,
7/28/25,,VZWRLSS*APOCC VI 800-922-0204 FL 72625 420462 Card#7349,-125.59,2263.29,,
7/28/25,,WHOLEFDS 41 MIL WINSTON-SALEM NC 72525 232236 Card#5412,-88.86,2388.88,,
7/28/25,,TRACTOR-SUPPLY-C CLEMMONS NC 72725 163583 Card#7349,-72.08,2477.74,,
7/28/25,,MONTE DE REY OF CLEMMONS NC 72525 818964 Card#7349,-41.11,2549.82,,
7/28/25,,ROCKETLAW 877-75 SAN FRANCISCO CA 72525 720674 Card#7349,-39.99,2590.93,,
7/28/25,,THE POP SHOPPE # GREENSBORO NC 72825 916188 Card#5412,-39.4,2630.92,,
7/28/25,,HARRIS TEETER #2 CLEMMONS NC 72625 125339 Card#7349,-38.74,2670.32,,
7/28/25,,MCDONALD'S F4481 CLEMMONS NC 72725 492217 Card#7349,-33.99,2709.06,,
7/28/25,,COSTCO GAS #036 WINSTON SALEM NC 72525 368592 Card#5412,-32.43,2743.05,,
7/28/25,,SALEM KITCHEN WINSTON SALEM NC 72525 468967 Card#5412,-25.68,2775.48,,
7/28/25,,MICROSOFT*MICROS REDMOND WA 72725 642888 Card#7349,-13.9,2801.16,,
7/25/25,,Daily Ledger Bal,,2815.06,,
7/25/25,,NORTHWEST ACE #1 WINSTON SALEM NC 72325 402241 Card#7349,-539.19,2815.06,,
7/25/25,,eBay O*24-13360- SAN JOSE CA 72525 203017 Card#7349,-79.42,3354.25,,
7/25/25,,THE HOME DEPOT # WINSTON-SALEM NC 72325 744787 Card#7349,-58.83,3433.67,,
7/25/25,,MONTE DE REY OF CLEMMONS NC 72325 410217 Card#7349,-38.44,3492.5,,
7/24/25,,Daily Ledger Bal,,3530.94,,
7/24/25,,KINGS CROSS CHUR KINGS CROS 4270465600 S STEVE GRIFFIN,-200.3,3530.94,,
7/24/25,,Smithermans Hard LEWISVILLE NC 72325 439253 Card#7349,-35.27,3731.24,,
7/24/25,,AMAZON PRIME*GK2 AMZN.COM/BILL WA 72325 575401 Card#7349,-16.04,3766.51,,
7/24/25,,DNH*GODADDY#3827 TEMPE AZ 72325 467806 Card#7349,-8.99,3782.55,,
7/24/25,,OLB Transfer from *448 to *535 Transfer,2000,3791.54,,
7/23/25,,Daily Ledger Bal,,1791.54,,
7/23/25,,WHOLEFDS 41 MIL WINSTON-SALEM NC 72225 328460 Card#5412,-71.52,1791.54,,
7/23/25,,FOOD LION #1062 LEWISVILLE NC 72225 402237 Card#5412,-41.26,1863.06,,
7/23/25,,CIRCLE K 01539 4 LEWISVILLE NC 72325 575654 Card#7349,-30.82,1904.32,,
7/22/25,,Daily Ledger Bal,,1935.14,,
7/22/25,,Interest Deposit,0.02,1935.14,,
7/22/25,,STEELMAN'S ACE H ADVANCE NC 72125 133852 Card#7349,-403.45,1935.12,,
7/22/25,,TRACTOR-SUPPLY-C CLEMMONS NC 72225 710560 Card#5412,-52.4,2338.57,,
7/22/25,,Harbor Freight T WINSTON SALEM NC 72125 001389 Card#7349,-32.09,2390.97,,
7/22/25,,WHOLEFDS 41 MIL WINSTON-SALEM NC 72125 263621 Card#7349,-18.33,2423.06,,
7/22/25,,AMAZON.COM*02904 SEATTLE WA 72125 247827 Card#7349,-12.83,2441.39,,
7/22/25,,PAYPAL*GRIFFIN S CLEMMONS NC 72225 198583 Card#7349,2281.01,2454.22,,
7/22/25,,OLB Transfer from *448 to *535 Transfer,500,173.21,,
7/21/25,,Daily Ledger Bal,,-326.79,,
7/21/25,,Paid Item Fee,-30,-326.79,,
7/21/25,,OLB Transfer from *535 to *448 Transfer,-500,-296.79,,
7/21/25,,COSTCO WHSE #03 WINSTON SALEM NC 71825 319986 Card#5412,-181.2,203.21,,
7/21/25,,WHOLEFDS 41 MIL WINSTON-SALEM NC 72025 156831 Card#7349,-147.48,384.41,,
7/21/25,,THE HOME DEPOT # WINSTON-SALEM NC 71725 372938 Card#7349,-97.15,531.89,,
7/21/25,,CIRCLE K 01539 4 LEWISVILLE NC 72025 277129 Card#7349,-81.17,629.04,,
7/21/25,,THE HOME DEPOT # WINSTON-SALEM NC 71825 000397 Card#5412,-68.09,710.21,,
7/21/25,,GFL - ENV 919-662-7100 NC 71825 121994 Card#7349,-68.07,778.3,,
7/21/25,,C AND H CAFETERI KERNERSVILLE NC 72025 220621 Card#7349,-66.32,846.37,,
7/21/25,,HARRIS TEETER #2 CLEMMONS NC 72125 122608 Card#7349,-36.63,912.69,,
7/21/25,,LOWE'S #436 WINSTON SALEM NC 71825 406654 Card#5412,-33.36,949.32,,
7/21/25,,CALVANDER MINI M CHAPEL HILL NC 72025 406173 Card#7349,-31.7,982.68,,
7/21/25,,4314 GREAT CLIPS CLEMMONS NC 71925 902300 Card#7349,-25,1014.38,,
7/21/25,,COOK OUT KERNERS KERNERSVILLE NC 71825 316458 Card#5412,-24.47,1039.38,,
7/21/25,,AMAZON.COM*ZN0FF SEATTLE WA 72025 000059 Card#7349,-23.53,1063.85,,
7/21/25,,MCDONALD'S F1030 WINSTON SALEM NC 72025 322634 Card#7349,-20.38,1087.38,,
7/21/25,,AMAZON.COM*ST9Q3 SEATTLE WA 71925 400000 Card#7349,-19.86,1107.76,,
7/21/25,,PUBLIX SUPER MAR WINSTON-SALEM NC 72025 733170 Card#7349,-18.18,1127.62,,
7/21/25,,COSTCO GAS #036 WINSTON SALEM NC 71825 702058 Card#5412,-18.01,1145.8,,
7/21/25,,FOOD LION #1062 LEWISVILLE NC 71925 263514 Card#7349,-15.89,1163.81,,
7/21/25,,CIRCLE K 01539 4 LEWISVILLE NC 72025 283278 Card#7349,-14,1179.7,,
7/21/25,,A B SEED & COMPA COLFAX NC 71825 594014 Card#5412,-12.77,1193.7,,
7/21/25,,ATM Withdrawal NC WINSTON SALEM WINSTON SALEM NC 71925 000432 Card#5412,-500,1206.47,,
7/21/25,,LOWES #00436* WINSTON-SALEM NC 71925 375099 Card#7349,747.58,1706.47,,
7/21/25,,SITEONE LANDSCAP HIGH POINT NC 71825 272794 Card#7349,65.64,958.89,,
7/21/25,,FORTILINE-GREENS GREENSBORO NC 71825 402951 Card#7349,65.12,893.25,,
7/21/25,,OLB Transfer from *448 to *535 Transfer,40,828.13,,
7/21/25,,THE HOME DEPOT # WINSTON-SALEM NC 71825 001935 Card#5412,16.04,788.13,,
7/18/25,,Daily Ledger Bal,,772.09,,
7/18/25,,DUKEENERGYCORPOR WEB_PAY 4700130001 1101368049,-388.41,772.09,,
7/18/25,,SUNRISE FARMS STUARTS DRAFT VA 71725 386544 Card#7349,-383.87,1160.5,,
7/18/25,,WHOLEFDS 41 MIL WINSTON-SALEM NC 71825 053502 Card#5412,-166.19,1544.37,,
7/18/25,,APPLE.COM/BILL 866-712-7753 CA 71725 787848 Card#7349,-14.19,1710.56,,
7/18/25,,GOOGLE *Google O MOUNTAIN VIEW CA 71725 182045 Card#7349,-9.99,1724.75,,
7/18/25,,TWIN CITY NAIL L WINSTON SALEM NC 71625 560313 Card#5412,-6,1734.74,,
7/17/25,,Daily Ledger Bal,,1740.74,,
7/17/25,,"MUTUAL OF OMAHA LONG TERM 1470246511 WILSON, TAMMY",-647.01,1740.74,,
7/17/25,,WINDSTREAM WSC ACH 4728201000 GRIFFIN STEVE,-73.97,2387.75,,
7/17/25,,MEDITERRANEO PIZ CLEMMONS NC 71625 713993 Card#7349,-79.71,2461.72,,
7/17/25,,AMAZON.COM*DQ4UW SEATTLE WA 71725 265176 Card#7349,-47.06,2541.43,,
7/17/25,,MONTE DE REY OF CLEMMONS NC 71525 080796 Card#7349,-45.68,2588.49,,
7/17/25,,WSMIXXER.ORG SAN FRANCISCO CA 71625 095936 Card#7349,-35,2634.17,,
7/17/25,,OLB Transfer from *448 to *535 Transfer,1500,2669.17,,
7/17/25,,OLB Transfer from *448 to *535 Transfer,450,1169.17,,
7/16/25,,Daily Ledger Bal,,719.17,,
7/16/25,,PROV L&A DIS OP INS.PREM 9725125003 STEVE A GRIFFIN,-254.06,719.17,,
7/16/25,,LOWE'S #436 WINSTON SALEM NC 71525 701786 Card#7349,-59.83,973.23,,
7/16/25,,SETON EDUCATIONA FRONT ROYAL VA 71525 684844 Card#5412,-45,1033.06,,
7/16/25,,THE HOME DEPOT # WINSTON-SALEM NC 71525 000933 Card#7349,-25.62,1078.06,,
7/15/25,,Daily Ledger Bal,,1103.68,,
7/15/25,,CINTI LIF INS CO PREM DEBIT 1311213778 STEVEN GRIFFIN,-234.96,1103.68,,
7/15/25,,LOWE'S #436 WINSTON SALEM NC 71425 483209 Card#5412,-59.83,1338.64,,
7/15/25,,JERSEY MIKES 325 MOCKSVILLE NC 71325 524597 Card#7349,-45.99,1398.47,,
7/15/25,,COSTCO GAS #036 WINSTON SALEM NC 71425 955108 Card#7349,-32.07,1444.46,,
7/15/25,,HARVEST 6467557737 NY 71425 442031 Card#7349,-12,1476.53,,
7/15/25,,Smithermans Hard LEWISVILLE NC 71425 024101 Card#5412,-8.34,1488.53,,
7/15/25,,LOWES #00436* WINSTON-SALEM NC 71425 096735 Card#5412,14.96,1496.87,,
7/14/25,,Daily Ledger Bal,,1481.91,,
7/14/25,,AMAZON.COM*NR8YZ SEATTLE WA 71125 618000 Card#7349,-332.98,1481.91,,
7/14/25,,CIRCLE K 01539 4 LEWISVILLE NC 71125 979827 Card#5412,-100,1814.89,,
7/14/25,,CHOICE HOME WARR EDISON NJ 71225 007852 Card#7349,-97.63,1914.89,,
7/14/25,,FOOD LION #1062 LEWISVILLE NC 71425 101082 Card#5412,-72.56,2012.52,,
7/14/25,,WHOLEFDS 41 MIL WINSTON-SALEM NC 71325 922186 Card#7349,-60.17,2085.08,,
7/14/25,,TST* MONTE DE RE KERNERSVILLE NC 71225 462714 Card#7349,-53.82,2145.25,,
7/14/25,,QUALITY MART42 CLEMMONS NC 71225 181868 Card#7349,-38.71,2199.07,,
7/14/25,,CIRCLE K 01539 4 LEWISVILLE NC 71225 459872 Card#7349,-30.94,2237.78,,
7/14/25,,SPALDING LABS 8888801579 CO 71125 685890 Card#5412,-27.82,2268.72,,
7/14/25,,HARRIS TEETER #0 CLEMMONS NC 71225 501579 Card#7349,-24.84,2296.54,,
7/14/25,,DNH*GODADDY#3814 TEMPE AZ 71125 428963 Card#7349,-21.99,2321.38,,
7/14/25,,AMAZON.COM*WY86E SEATTLE WA 71425 000002 Card#7349,-20.3,2343.37,,
7/14/25,,BISCUITVILLE 168 WINSTON SALEM NC 71225 650876 Card#5412,-19.32,2363.67,,
7/14/25,,COVENANT EYES OWOSSO MI 71125 775550 Card#7349,-18,2382.99,,
7/14/25,,REAL Q WINSTON SALEM NC 71025 664445 Card#5412,-16.33,2400.99,,
7/14/25,,AMAZON.COM*A63KH SEATTLE WA 71425 750000 Card#7349,-13.88,2417.32,,
7/14/25,,THE HOME DEPOT # WINSTON-SALEM NC 71125 590002 Card#5412,-13.88,2431.2,,
7/14/25,,Cashed Check,-3200,2445.08,,
7/14/25,,OLB Transfer from *448 to *535 painter,4000,5645.08,,
7/14/25,,BELK #17 WINSTON WINSTON-SALEM NC 71025 290547 Card#5412,80.25,1645.08,,
7/14/25,,AMAZON.COM SEATTLE WA 71225 660000 Card#7349,44.92,1564.83,,
7/11/25,,Daily Ledger Bal,,1519.91,,
7/11/25,,PPG PAINTS 9490 WINSTON SALEM NC 71125 249870 Card#5412,-512.89,1519.91,,
7/11/25,,TFSBillPay.com 8 JERICHO NY 71025 039682 Card#7349,-291.99,2032.8,,
7/11/25,,PPG PAINTS 9490 WINSTON SALEM NC 71125 253743 Card#5412,-91.85,2324.79,,
7/11/25,,LOWE'S #436 WINSTON SALEM NC 71125 520743 Card#5412,-59.83,2416.64,,
7/11/25,,AMAZON.COM*NR79V SEATTLE WA 71125 000004 Card#7349,-54.16,2476.47,,
7/11/25,,AMAZON.COM*NL62J SEATTLE WA 71025 000007 Card#7349,-50.69,2530.63,,
7/11/25,,AMAZON.COM SEATTLE WA 71025 004529 Card#7349,25.92,2581.32,,
7/10/25,,Daily Ledger Bal,,2555.4,,
7/10/25,,TST*RIVER BIRCH WINSTON-SALEM NC 70925 452126 Card#7349,-197.6,2555.4,,
7/10/25,,FOOD LION #1062 LEWISVILLE NC 70925 364839 Card#7349,-31.86,2753,,
7/10/25,,Wakefield KNOXVILLE TN 70825 697650 Card#7349,-30,2784.86,,
7/10/25,,COSTCO GAS #036 WINSTON SALEM NC 71025 022444 Card#5412,-22.03,2814.86,,
7/10/25,,THE UPS STORE 42 LEWISVILLE NC 70925 600003 Card#7349,-6.39,2836.89,,
7/10/25,,FOOD LION #1062 LEWISVILLE NC 71025 188274 Card#5412,-3.56,2843.28,,
7/10/25,,AMAZON.COM SEATTLE WA 70925 000067 Card#7349,92.01,2846.84,,
7/10/25,,AMAZON.COM SEATTLE WA 70925 400000 Card#7349,24.6,2754.83,,
7/9/25,,Daily Ledger Bal,,2730.23,,
7/9/25,,CINTI LIF INS CO PREM DEBIT 1311213778 TAMMY WILSON,-139.92,2730.23,,
7/9/25,,ACI***AccessOne Web Pay 1222528268 TAMMY WILSON,-25,2870.15,,
7/9/25,,WHOLEFDS 41 MIL WINSTON-SALEM NC 70925 126575 Card#5412,-167.61,2895.15,,
7/9/25,,THE HOME DEPOT # WINSTON-SALEM NC 70925 002499 Card#7349,-111.02,3062.76,,
7/9/25,,THE HOME DEPOT # WINSTON-SALEM NC 70925 001420 Card#5412,-78.42,3173.78,,
7/9/25,,LOWE'S #436 WINSTON SALEM NC 70925 525000 Card#7349,-64.11,3252.2,,
7/9/25,,SWP*REVCO SOLUTI COLUMBUS OH 70825 487561 Card#7349,-54.35,3316.31,,
7/9/25,,MCMASTER-CARR 630-834-9600 IL 70725 338209 Card#7349,-28.83,3370.66,,
7/9/25,,THE HOME DEPOT # WINSTON-SALEM NC 70925 002227 Card#5412,10.57,3399.49,,
7/8/25,,Daily Ledger Bal,,3388.92,,
7/8/25,,US BANK HOME MTG MTGPYMENT 5150841368 S STEVEN A GRIFFIN,-2095.43,3388.92,,
7/8/25,,ALLEGACY FEDERAL TRANSFER 1566087383 STEVEN A GRIFFIN,-1135.59,5484.35,,
7/8/25,,"MUTUAL OF OMAHA LONG TERM 1470246511 GRIFFIN, STEVE",-149.88,6619.94,,
7/8/25,,TRAVELERS PER IN 800-842-5075 CT 70725 626693 Card#7349,-434.04,6769.82,,
7/8/25,,FORTILINE-GREENS GREENSBORO NC 70725 281627 Card#7349,-162.26,7203.86,,
7/8/25,,SITEONE LANDSCAP WINSTON SALEM NC 70725 243261 Card#7349,-111.27,7366.12,,
7/8/25,,SITEONE LANDSCAP HIGH POINT NC 70725 479079 Card#7349,-78.95,7477.39,,
7/8/25,,CAROLINA GARDENS GREENSBORO NC 70725 075161 Card#7349,-43.94,7556.34,,
7/8/25,,OLB Transfer from *448 to *535 Transfer,2000,7600.28,,
7/8/25,,OLB Transfer from *448 to *535 for mutual of Omaha Tammy,647.01,5600.28,,
7/7/25,,Daily Ledger Bal,,4953.27,,
7/7/25,,SBA EIDL LOAN PAYMENT 7300000118 R STEVE GRIFFIN,-120,4953.27,,
7/7/25,,ACADEMY SPORTS # WINSTON SALEM NC 70425 014559 Card#5412,-129.43,5073.27,,
7/7/25,,GABB WIRELESS 385-235-6646 UT 70425 004280 Card#7349,-56.32,5202.7,,
7/7/25,,C AND H CAFETERI KERNERSVILLE NC 70525 670779 Card#7349,-49.79,5259.02,,
7/7/25,,FOOD LION #1062 LEWISVILLE NC 70725 283819 Card#5412,-40.35,5308.81,,
7/7/25,,CIRCLE K 01539 4 LEWISVILLE NC 70625 019601 Card#5412,-33.78,5349.16,,
7/7/25,,WHOLEFDS 41 MIL WINSTON-SALEM NC 70525 162856 Card#7349,-26.5,5382.94,,
7/7/25,,BISCUITVILLE 168 WINSTON SALEM NC 70525 857330 Card#7349,-25.96,5409.44,,
7/7/25,,AMAZON.COM*NL2CZ SEATTLE WA 70525 700000 Card#7349,-25.92,5435.4,,
7/7/25,,AMAZON.COM*N34HK SEATTLE WA 70525 000045 Card#7349,-24.6,5461.32,,
7/7/25,,FOOD LION #1062 LEWISVILLE NC 70425 244688 Card#7349,-19.62,5485.92,,
7/7/25,,CHICK-FIL-A #006 WINSTON SALEM NC 70425 810460 Card#5412,-19.41,5505.54,,
7/7/25,,AMAZON.COM*N36CZ SEATTLE WA 70525 100000 Card#7349,-17.27,5524.95,,
7/7/25,,EBAY O*03-13298- 800-456-3229 CA 70625 084668 Card#7349,-12.85,5542.22,,
7/7/25,,FOOD LION #1062 LEWISVILLE NC 70625 024470 Card#7349,-3.87,5555.07,,
7/7/25,,APPLE.COM/BILL 866-712-7753 CA 70425 996370 Card#5412,-2.99,5558.94,,
7/7/25,,ATM Withdrawal SECU LEWISVILLE NC 70525 304837 Card#7349,-103,5561.93,,
7/7/25,,OLB Transfer from *448 to *535 ref 7467212780 for july 1 paym,2095.43,5664.93,,
7/7/25,,OLB Transfer from *448 to *535 heloc payment due july 27,1135.59,3569.5,,
7/7/25,,AIRWALLEX pay_CFdvDd 1371913769 Steve Griffin,104,2433.91,,
7/3/25,,Daily Ledger Bal,,2329.91,,
7/3/25,,BCBS NC IND DRAFT 1560894904 R steve griffin,-47.72,2329.91,,
7/3/25,,BCBS NC IND DRAFT 1560894904 R steve grifin,-32.72,2377.63,,
7/3/25,,DILLARDS 145 HAN WINSTON-SALEM NC 70325 220069 Card#5412,-376.1,2410.35,,
7/3/25,,WHOLEFDS 41 MIL WINSTON-SALEM NC 70325 706704 Card#5412,-218.7,2786.45,,
7/3/25,,PUBLIX SUPER MAR WINSTON-SALEM NC 70325 061103 Card#5412,-96.15,3005.15,,
7/3/25,,AMAZON.COM*N37ON SEATTLE WA 70225 000004 Card#7349,-92.01,3101.3,,
7/3/25,,DILLARDS 145 HAN WINSTON-SALEM NC 70325 340332 Card#5412,-91.48,3193.31,,
7/3/25,,BELK.COM CHARLOTTE NC 70225 945276 Card#5412,-80.25,3284.79,,
7/3/25,,BELK.COM CHARLOTTE NC 70125 610234 Card#5412,-47.06,3365.04,,
7/3/25,,AMAZON.COM*N37SP SEATTLE WA 70225 410000 Card#7349,-44.92,3412.1,,
7/3/25,,CIRCLE K 01539 4 LEWISVILLE NC 70225 495045 Card#5412,-34.84,3457.02,,
7/3/25,,WHOLEFDS 41 MIL WINSTON-SALEM NC 70225 234731 Card#5412,-13.8,3491.86,,
7/3/25,,AMAZON.COM*N39RQ SEATTLE WA 70225 100000 Card#7349,-9.62,3505.66,,
7/3/25,,CIRCLE K 01539 4 LEWISVILLE NC 70225 676205 Card#5412,-3.63,3515.28,,
7/3/25,,"NEW GROWTH PRESS DIRECT DEP 9111111101 GRIFFIN,STEVEN A",2065.88,3518.91,,
7/3/25,,BELK #17 3320 S WINSTON SALEM NC 70225 234546 Card#5412,106.99,1453.03,,
7/3/25,,DILLARDS 145 HAN WINSTON-SALEM NC 70325 332270 Card#5412,74.36,1346.04,,
7/2/25,,Daily Ledger Bal,,1271.68,,
7/2/25,,FOOD LION #1062 LEWISVILLE NC 70225 151816 Card#5412,-190.82,1271.68,,
7/2/25,,Spectrum 855-707-7328 MO 70125 594982 Card#7349,-113,1462.5,,
7/2/25,,LOWE'S #436 WINSTON SALEM NC 70225 011066 Card#5412,-74.79,1575.5,,
7/2/25,,DOMINO'S 5554 LEWISVILLE NC 70125 340552 Card#7349,-20.33,1650.29,,
7/2/25,,APPLE.COM/BILL 866-712-7753 CA 70125 866237 Card#7349,-9.99,1670.62,,
7/2/25,,FOOD LION #1062 LEWISVILLE NC 70125 433601 Card#7349,-8.56,1680.61,,
7/2/25,,FOOD LION #1062 LEWISVILLE NC 70225 451853 Card#7349,-3.56,1689.17,,
7/2/25,,AMAZON.COM SEATTLE WA 70225 600000 Card#7349,117.69,1692.73,,
7/1/25,,Daily Ledger Bal,,1575.04,,
7/1/25,,TRACTOR-SUPPLY-C CLEMMONS NC 63025 252234 Card#7349,-299.59,1575.04,,
7/1/25,,SQ *THE T-SPECIA WINSTON-SALEM NC 63025 974381 Card#7349,-71.28,1874.63,,
7/1/25,,LinkedInPreA *72 MOUNTAIN VIEW CA 63025 601133 Card#7349,-42.79,1945.91,,
7/1/25,,KRISPY KREME 029 CLEMMONS NC 63025 863182 Card#5412,-16.04,1988.7,,
7/1/25,,MCDONALD'S F4481 CLEMMONS NC 63025 637312 Card#5412,-5.97,2004.74,,
6/30/25,,Daily Ledger Bal,,2010.71,,
6/30/25,,FOOD LION #1522 WINSTON-SALEM NC 63025 601234 Card#5412,-204.07,2010.71,,
6/30/25,,JJILL *PRODUCT 111-111-1111 MA 62825 682012 Card#5412,-195.03,2214.78,,
6/30/25,,COSTCO GAS #036 WINSTON SALEM NC 63025 025177 Card#5412,-88.91,2409.81,,
6/30/25,,FOOD LION #1522 WINSTON-SALEM NC 63025 635965 Card#5412,-84.17,2498.72,,
6/30/25,,TALBOTS # 288 S WINSTON SALEM NC 62825 004581 Card#5412,-57.77,2582.89,,
6/30/25,,COSTCO WHSE #03 WINSTON SALEM NC 62725 446736 Card#5412,-41.7,2640.66,,
6/30/25,,WHOLEFDS 41 MIL WINSTON-SALEM NC 62825 136808 Card#5412,-40.16,2682.36,,
6/30/25,,WALGREENS 1485 R CLEMMONS NC 62925 733770 Card#5412,-32.09,2722.52,,
6/30/25,,WHOLEFDS 41 MIL WINSTON-SALEM NC 63025 855703 Card#5412,-31.74,2754.61,,
6/30/25,,FOOD LION #1062 LEWISVILLE NC 62825 307711 Card#5412,-28.17,2786.35,,
6/30/25,,AMAZON.COM*NQ4WL SEATTLE WA 62725 500000 Card#7349,-17.64,2814.52,,
6/30/25,,BANNERS HALLMARK WINSTON SALEM NC 62825 422287 Card#5412,-13.46,2832.16,,
6/30/25,,AMAZON.COM*NQ6TG SEATTLE WA 62925 000007 Card#7349,-8.52,2845.62,,
6/30/25,,WHOLEFDS 41 MIL WINSTON-SALEM NC 63025 861272 Card#5412,-6.31,2854.14,,
6/30/25,,LOWES #00436* WINSTON-SALEM NC 62725 401130 Card#5412,133.33,2860.45,,
6/30/25,,JOCKEY INTERNATI 8005625391 WI 62825 485794 Card#5412,55.37,2727.12,,
6/30/25,,AMAZON.COM SEATTLE WA 62825 100000 Card#7349,20.22,2671.75,,
6/27/25,,Daily Ledger Bal,,2651.53,,
6/27/25,,THE HOME DEPOT # WINSTON-SALEM NC 62525 066967 Card#7349,-47.5,2651.53,,
6/27/25,,MICROSOFT*MICROS MSBILL.INFO WA 62725 372188 Card#7349,-13.9,2699.03,,
6/26/25,,Daily Ledger Bal,,2712.93,,
6/26/25,3059,Wilson,-3000,2712.93,Check,
6/26/25,,AMAZON.COM*NQ615 SEATTLE WA 62625 300000 Card#7349,-181.89,5712.93,,
6/26/25,,CLEMMONS VETERIN CLEMMONS NC 62525 218229 Card#7349,-158.43,5894.82,,
6/26/25,,SQ *REEDY FORK F ELON NC 62525 316431 Card#5412,-146.98,6053.25,,
6/26/25,,VZWRLSS*APOCC VI 800-922-0204 FL 62625 359705 Card#7349,-125.7,6200.23,,
6/26/25,,AMAZON.COM*NQ8IN SEATTLE WA 62625 500000 Card#7349,-69.54,6325.93,,
6/26/25,,AMAZON.COM*NQ8HF SEATTLE WA 62625 600000 Card#7349,-69.54,6395.47,,
6/26/25,,DAVIDS CLEANERS WINSTON SALEM NC 62425 684859 Card#5412,-67.05,6465.01,,
6/26/25,,THE HOME DEPOT # WINSTON-SALEM NC 62625 000008 Card#5412,-42.63,6532.06,,
6/26/25,,AMAZON.COM*NQ5EH SEATTLE WA 62625 184922 Card#7349,-32.07,6574.69,,
6/26/25,,AMAZON.COM*NQ8H4 SEATTLE WA 62625 500000 Card#7349,-10.69,6606.76,,
6/26/25,,SALEM KITCHEN WINSTON SALEM NC 62525 153830 Card#5412,-10.65,6617.45,,
6/25/25,,Daily Ledger Bal,,6628.1,,
6/25/25,,LOWE'S #436 WINSTON SALEM NC 62525 504042 Card#7349,-391.59,6628.1,,
6/25/25,,LOWE'S #436 WINSTON SALEM NC 62525 613010 Card#7349,-355.99,7019.69,,
6/25/25,,REEDY FORK ORGAN ELON NC 62325 989452 Card#7349,-301.75,7375.68,,
6/25/25,,LOWE'S #459 HIGH POINT NC 62525 664996 Card#5412,-153.33,7677.43,,
6/25/25,,COSTCO WHSE #03 WINSTON SALEM NC 62525 357480 Card#5412,-128.6,7830.76,,
6/25/25,,COSTCO GAS #036 WINSTON SALEM NC 62525 164137 Card#5412,-89.23,7959.36,,
6/25/25,,ANGELINA S TEA WINSTON SALEM NC 62525 000023 Card#5412,-78.54,8048.59,,
6/25/25,,BELK.COM CHARLOTTE NC 62325 276708 Card#5412,-57.76,8127.13,,
6/25/25,,SALEM KITCHEN WINSTON SALEM NC 62425 219363 Card#5412,-57.19,8184.89,,
6/25/25,,SEA PRODUCTS INC WINSTON SALEM NC 62525 377320 Card#5412,-57.06,8242.08,,
6/25/25,,LOWE'S #436 WINSTON SALEM NC 62525 911655 Card#7349,-36.92,8299.14,,
6/25/25,,BELK.COM CHARLOTTE NC 62425 840619 Card#5412,-36.81,8336.06,,
6/25/25,,JERSEY MIKES 305 WINSTON SALEM NC 62425 239122 Card#5412,-21.83,8372.87,,
6/25/25,,BELK.COM CHARLOTTE NC 62325 867300 Card#5412,-10.27,8394.7,,
6/25/25,,FARMSTEAD NURSER WINSTON-SALEM NC 62425 569194 Card#5412,-8.24,8404.97,,
6/25/25,,Mobile Deposit - DDA,629,8413.21,,
6/25/25,,OLB Transfer from *448 to *535 Transfer,5000,7784.21,,
6/24/25,,Daily Ledger Bal,,2784.21,,
6/24/25,,WHOLEFDS 41 MIL WINSTON-SALEM NC 62425 753267 Card#5412,-125.44,2784.21,,
6/24/25,,WHOLEFDS 41 MIL WINSTON-SALEM NC 62425 423922 Card#5412,-118.92,2909.65,,
6/24/25,,BELK.COM CHARLOTTE NC 62325 710185 Card#5412,-57.76,3028.57,,
6/24/25,,FOOD LION #2648 WINSTON-SALEM NC 62425 045619 Card#5412,-46.38,3086.33,,
6/24/25,,BELK.COM CHARLOTTE NC 62325 077327 Card#5412,-35.95,3132.71,,
6/24/25,,HARRIS TE 4110 C CLEMMONS NC 62325 736394 Card#5412,-34.35,3168.66,,
6/24/25,,FOOD LION #2648 WINSTON-SALEM NC 62425 047776 Card#5412,-24.33,3203.01,,
6/24/25,,AMAZON PRIME*NO1 AMZN.COM/BILL WA 62325 575858 Card#7349,-16.04,3227.34,,
6/24/25,,THE HOME DEPOT # WINSTON-SALEM NC 62425 000394 Card#5412,-12.25,3243.38,,
6/24/25,,DNH*GODADDY#3793 TEMPE AZ 62325 729553 Card#7349,-8.99,3255.63,,
6/24/25,,WHOLEFDS 41 MIL WINSTON-SALEM NC 62425 432662 Card#5412,-2.23,3264.62,,
6/23/25,,Daily Ledger Bal,,3266.85,,
6/23/25,,REAL Q WINSTON SALEM NC 62125 805736 Card#5412,-95.25,3266.85,,
6/23/25,,WHOLEFDS 41 MIL WINSTON-SALEM NC 62025 153637 Card#5412,-81.97,3362.1,,
6/23/25,,FARMSTEAD NURSER WINSTON-SALEM NC 62025 269990 Card#5412,-71.12,3444.07,,
6/23/25,,FARMSTEAD NURSER WINSTON-SALEM NC 62025 956422 Card#5412,-39.16,3515.19,,
6/23/25,,SQ *BIG RIVER GE YADKINVILLE NC 62025 966399 Card#5412,-37.69,3554.35,,
6/23/25,,BELK.COM CHARLOTTE NC 61925 161023 Card#5412,-21.39,3592.04,,
6/23/25,,AMAZON.COM SEATTLE WA 62025 260000 Card#7349,10.69,3613.43,,
6/20/25,,Daily Ledger Bal,,3602.74,,
6/20/25,,Interest Deposit,0.03,3602.74,,Deposit
6/20/25,,WHOLEFDS 41 MIL WINSTON-SALEM NC 61925 319513 Card#5412,-355.34,3602.71,,Groceries
6/20/25,,BELK #17 3320 S WINSTON SALEM NC 61925 230383 Card#5412,-235.37,3958.05,,Shopping
6/20/25,,MEDITERRANEO PIZ CLEMMONS NC 61925 707618 Card#5412,-153.4,4193.42,,Restaurant
6/20/25,,WHOLEFDS 41 MIL WINSTON-SALEM NC 62025 003808 Card#5412,-108.93,4346.82,,Groceries
6/20/25,,BATTERIES+BULBS WINSTON SALEM NC 61925 002314 Card#7349,-80.25,4455.75,,Entertainment
6/20/25,,GABB WIRELESS 385-235-6646 UT 61825 256254 Card#7349,-60,4536,,Bill
6/20/25,,COSTCO GAS #036 WINSTON SALEM NC 61925 214770 Card#7349,-58.76,4596,,Gas/Transport
6/20/25,,MEDITERRANEO PIZ CLEMMONS NC 61925 445285 Card#5412,-54.29,4654.76,,Restaurant
6/20/25,,FOOD LION #1062 LEWISVILLE NC 62025 296015 Card#5412,-42,4709.05,,Groceries
6/20/25,,COSTCO GAS #036 WINSTON SALEM NC 61925 580231 Card#5412,-28.04,4751.05,,Gas/Transport
6/20/25,,WENDYS 429 CLEMMONS NC 61925 352978 Card#7349,-22.97,4779.09,,Restaurant
6/20/25,,FOOD LION #1062 LEWISVILLE NC 61825 402680 Card#7349,-22.19,4802.06,,Groceries
6/20/25,,AMAZON.COM*NA4NL SEATTLE WA 61825 600000 Card#7349,-18.18,4824.25,,Shopping
6/20/25,,AMAZON.COM*NO6QZ SEATTLE WA 61925 600000 Card#7349,-10.69,4842.43,,Shopping
6/20/25,,BELK #17 3320 S WINSTON SALEM NC 61925 151162 Card#5412,96.29,4853.12,,Shopping
6/18/25,,Daily Ledger Bal,,4756.83,,
6/18/25,,BELK #17 3320 S WINSTON SALEM NC 61825 104957 Card#5412,-314.55,4756.83,,Shopping
6/18/25,,DILLARDS 145 HAN WINSTON-SALEM NC 61725 485885 Card#5412,-144.45,5071.38,,Shopping
6/18/25,,AMAZON.COM*NO63L SEATTLE WA 61825 580000 Card#7349,-123.04,5215.83,,Shopping
6/18/25,,AMAZON.COM*NA2NE SEATTLE WA 61825 686129 Card#7349,-117.69,5338.87,,Shopping
6/18/25,,DILLARDS 145 HAN WINSTON-SALEM NC 61725 447669 Card#5412,-106.98,5456.56,,Shopping
6/18/25,,ACI*WINDSTREAM P 800-347-1991 AR 61625 245382 Card#7349,-76.69,5563.54,,Bill
6/18/25,,DILLARDS 145 HAN WINSTON-SALEM NC 61725 065863 Card#5412,-73.83,5640.23,,Shopping
6/18/25,,PPG PAINTS 9490 WINSTON SALEM NC 61825 264890 Card#5412,-58.03,5714.06,,Shopping
6/18/25,,DOMINO'S 5554 LEWISVILLE NC 61725 350820 Card#5412,-28.33,5772.09,,Restaurant
6/18/25,,APPLE.COM/BILL 866-712-7753 CA 61725 051774 Card#7349,-14.19,5800.42,,Entertainment
6/18/25,,GOOGLE *Google O MOUNTAIN VIEW CA 61725 262609 Card#7349,-9.99,5814.61,,Bill
6/18/25,,OLB Transfer from *448 to *535 Transfer,3750,5824.6,,Transfer
6/18/25,,DILLARDS 145 HAN WINSTON-SALEM NC 61825 470807 Card#5412,288.9,2074.6,,Shopping
6/17/25,,Daily Ledger Bal,,1785.7,,
6/17/25,,DILLARDS 145 HAN WINSTON-SALEM NC 61725 378562 Card#5412,-328.49,1785.7,,Shopping
6/17/25,,FOOD LION #1062 LEWISVILLE NC 61725 001050 Card#5412,-126.35,2114.19,,Groceries
6/17/25,,DOLLAR-GENERAL # ADVANCE NC 61625 257360 Card#5412,-6.51,2240.54,,Shopping
6/17/25,,DILLARDS 145 HAN WINSTON-SALEM NC 61725 368129 Card#5412,333.84,2247.05,,Shopping
6/16/25,,Daily Ledger Bal,,1913.21,,
6/16/25,,PROV L&A DIS OP INS.PREM 9725125003 STEVE A GRIFFIN,-508.12,1913.21,,Other
6/16/25,,"MUTUAL OF OMAHA LONG TERM 1470246511 GRIFFIN, STEVE",-299.76,2421.33,,Bill
6/16/25,,CINTI LIF INS CO PREM DEBIT 1311213778 STEVEN GRIFFIN,-234.96,2721.09,,Bill
6/16/25,,DILLARDS 145 HAN WINSTON-SALEM NC 61425 412983 Card#5412,-483.32,2956.05,,Shopping
6/16/25,,AMAZON.COM*NA88H SEATTLE WA 61425 590000 Card#7349,-356.88,3439.37,,Shopping
6/16/25,,TST* THREE BULLS CLEMMONS NC 61325 860304 Card#7349,-93.9,3796.25,,Restaurant
6/16/25,,WHOLEFDS 41 MIL WINSTON-SALEM NC 61425 353556 Card#5412,-87.05,3890.15,,Groceries
6/16/25,,THE HOME DEPOT # WINSTON-SALEM NC 61225 603082 Card#5412,-85.58,3977.2,,Shopping
6/16/25,,GOV*NC DMV RALEIGH NC 61325 033607 Card#7349,-73.64,4062.78,,Gas/Transport
6/16/25,,FARMSTEAD NURSER WINSTON-SALEM NC 61325 585622 Card#5412,-66.25,4136.42,,Other
6/16/25,,J. JILL STORE 25 WINSTON SALEM NC 61425 282664 Card#5412,-41.19,4202.67,,Shopping
6/16/25,,WOW BROWS WINSTON SALEM NC 61425 861605 Card#5412,-36,4243.86,,Other
6/16/25,,HARVEST 6467557737 NY 61425 146327 Card#7349,-12,4279.86,,Restaurant
6/16/25,,MCDONALD'S F1457 KERNERSVILLE NC 61325 384793 Card#5412,-11.66,4291.86,,Restaurant
6/16/25,,O'REILLY 3957 CLEMMONS NC 61325 146295 Card#7349,-6.41,4303.52,,Gas/Transport
6/16/25,,QUEEN CITY AUDIO WINSTON SALEM NC 61225 485258 Card#5412,973.49,4309.93,,Deposit
6/16/25,,BENNETT PAINTS WINSTON SALEM NC 61325 723074 Card#5412,66.34,3336.44,,Deposit
6/16/25,,WM SUPERCENTER # WINSTON SALEM NC 61225 855321 Card#5412,10.68,3270.1,,Shopping
6/13/25,,Daily Ledger Bal,,3259.42,,
6/13/25,,COSTCO WHSE #03 WINSTON SALEM NC 61325 121981 Card#5412,-125.16,3259.42,,Shopping
6/13/25,,WHOLEFDS 41 MIL WINSTON-SALEM NC 61325 061583 Card#5412,-112.78,3384.58,,Groceries
6/13/25,,TJMAXX #0221 WINSTONSALEM NC 61325 383371 Card#5412,-110.05,3497.36,,Shopping
6/13/25,,CHOICE HOME WARR EDISON NJ 61225 320353 Card#7349,-97.63,3607.41,,Shopping
6/13/25,,OPC*DAVIDSONCO C THOMASVILLE NC 61125 697946 Card#7349,-75,3705.04,,Other
6/13/25,,AMAZON.COM*NA0FO SEATTLE WA 61325 000005 Card#7349,-73.83,3780.04,,Shopping
6/13/25,,COSTCO GAS #036 WINSTON SALEM NC 61325 776415 Card#5412,-27.4,3853.87,,Gas/Transport
6/13/25,,WENDYS 429 CLEMMONS NC 61325 088137 Card#7349,-22.66,3881.27,,Restaurant
6/13/25,,SHERWIN-WILLIAMS CLEMMONS NC 61225 900868 Card#5412,-19.25,3903.93,,Shopping
6/13/25,,SHERWIN-WILLIAMS CLEMMONS NC 61225 034927 Card#5412,-9.73,3923.18,,Shopping
6/13/25,,WAL-MART #2472 WINSTON SALEM NC 61225 427076 Card#5412,13.89,3932.91,,Shopping
6/13/25,,AMAZON.COM SEATTLE WA 61325 216000 Card#7349,9.07,3919.02,,Shopping
6/12/25,,Daily Ledger Bal,,3909.95,,
6/12/25,,US BANK HOME MTG MTGPYMENT 5150841368 S STEVEN A GRIFFIN,-4190.86,3909.95,,Bill
6/12/25,,HARRIS TE 4150 C CLEMMONS NC 61225 607389 Card#5412,-97.68,8100.81,,Groceries
6/12/25,,DNH*GODADDY#3779 TEMPE AZ 61125 996302 Card#7349,-21.99,8198.49,,Other
6/12/25,,COVENANT EYES OWOSSO MI 61125 364165 Card#7349,-18,8220.48,,Entertainment
6/11/25,,Daily Ledger Bal,,8238.48,,
6/11/25,,DUKEENERGYCORPOR WEB_PAY 4700130001 1101368049,-504.79,8238.48,,Bill
6/11/25,,SUNRISE FARMS STUARTS DRAFT VA 61025 514305 Card#5412,-1250,8743.27,,Other
6/11/25,,TFSBillPay.com 8 JERICHO NY 61025 099375 Card#7349,-291.99,9993.27,,Other
6/11/25,,COSTCO GAS #036 WINSTON SALEM NC 61025 202271 Card#7349,-97.4,10285.26,,Gas/Transport
6/11/25,,ACADEMY SPORTS # WINSTON SALEM NC 61025 085135 Card#7349,-26.74,10382.66,,Shopping
6/11/25,,ZIPS CAR WASH PLANO TX 61025 266560 Card#7349,-18,10409.4,,Gas/Transport
6/11/25,,OLB Transfer from *448 to *535 Transfer,3000,10427.4,,Transfer
6/10/25,,Daily Ledger Bal,,7427.4,,
6/10/25,,CINTI LIF INS CO PREM DEBIT 1311213778 TAMMY WILSON,-139.92,7427.4,,Bill
6/10/25,,ACI***AccessOne Web Pay 1222528268 TAMMY WILSON,-25,7567.32,,Credit Card Payment
6/10/25,,TRAVELERS PER IN 800-842-5075 CT 60925 739138 Card#7349,-434.04,7592.32,,Other
6/10/25,,EXPRESS OIL CHAN BIRMINGHAM AL 61025 833854 Card#5412,-72.29,8026.36,,Gas/Transport
6/10/25,,DASHLANE U* DASH NEW YORK NY 60925 116917 Card#7349,-59.99,8098.65,,Business
6/10/25,,SWP*REVCO SOLUTI COLUMBUS OH 60925 732568 Card#7349,-54.35,8158.64,,Other
6/10/25,,Wakefield KNOXVILLE TN 60825 167776 Card#7349,-30,8212.99,,Gas/Transport
6/10/25,,ZIPS CAR WASH PLANO TX 60925 802848 Card#5412,-18,8242.99,,Gas/Transport
6/10/25,,PAYPAL TRANSFER PAYPALSD11 S W GRIFFIN ENTERPRISE,3637.38,8260.99,,Transfer
6/10/25,,D&G Svc Plan DGAppCare GS00001306 S Steve Griffin,3.25,4623.61,,Deposit
6/9/25,,Daily Ledger Bal,,4620.36,,
6/9/25,,FOOD LION #1062 LEWISVILLE NC 60725 112791 Card#5412,-315.33,4620.36,,Groceries
6/9/25,,WHOLEFDS 41 MIL WINSTON-SALEM NC 60925 056390 Card#5412,-226.39,4935.69,,Groceries
6/9/25,,FOOD LION #2554 CLEMMONS NC 60625 213431 Card#5412,-222.92,5162.08,,Groceries
6/9/25,,ATRWAKEHEALTH C2 CLEMMONS NC 60625 032709 Card#7349,-150,5385,,Medical
6/9/25,,REAL Q WINSTON SALEM NC 60725 751109 Card#5412,-143.86,5535,,Restaurant
6/9/25,,HARRIS TE 4150 C CLEMMONS NC 60825 659448 Card#7349,-106.28,5678.86,,Groceries
6/9/25,,ACADEMY SPORTS # WINSTON SALEM NC 60725 014210 Card#5412,-102.81,5785.14,,Shopping
6/9/25,,SALLY BEA 1062 H WINSTON SALEM NC 60925 939255 Card#5412,-75.38,5887.95,,Other
6/9/25,,VIOC GM0001 WINSTON-SALEM NC 60925 729451 Card#5412,-71.68,5963.33,,Gas/Transport
6/9/25,,TST* THREE BULLS CLEMMONS NC 60625 431926 Card#5412,-61.55,6035.01,,Restaurant
6/9/25,,WHOLEFDS 41 MIL WINSTON-SALEM NC 60725 102577 Card#5412,-61.52,6096.56,,Groceries
6/9/25,,BENNETT PAINTS WINSTON SALEM NC 60925 012669 Card#5412,-58.85,6158.08,,Shopping
6/9/25,,COSTCO GAS #036 WINSTON SALEM NC 60925 820129 Card#5412,-36.98,6216.93,,Gas/Transport
6/9/25,,NORTHWEST ACE #1 WINSTON SALEM NC 60525 697781 Card#5412,-34.44,6253.91,,Shopping
6/9/25,,WALGREENS #19937 CLEMMONS NC 60625 112943 Card#5412,-30.77,6288.35,,Medical
6/9/25,,COOK OUT KESTER WINSTON SALEM NC 60525 455093 Card#5412,-29.93,6319.12,,Restaurant
6/9/25,,UEP*CHINA WOK LEWISVILLE NC 60625 844175 Card#7349,-19.02,6349.05,,Restaurant
6/9/25,,UEP*CHINA WOK LEWISVILLE NC 60625 649706 Card#7349,-17.18,6368.07,,Restaurant
6/9/25,,FOOD LION #1359 ADVANCE NC 60825 245044 Card#7349,-15.27,6385.25,,Groceries
6/9/25,,UEP*CHINA WOK LEWISVILLE NC 60625 537306 Card#7349,-5.57,6400.52,,Restaurant
6/9/25,,FOOD LION #1062 LEWISVILLE NC 60725 121650 Card#5412,-3.36,6406.09,,Groceries
6/9/25,,"Zelle Credit Zelle Pay from HSM LABS, INC.",1500,6409.45,,Deposit
6/9/25,,NORDSTROM DIRECT CEDAR RAPIDS IA 60625 452039 Card#5412,148.2,4909.45,,Shopping
6/6/25,,Daily Ledger Bal,,4761.25,,
6/6/25,,ALLEGACY FEDERAL TRANSFER 1566087383 STEVEN A GRIFFIN,-2303.78,4761.25,,Transfer
6/6/25,,Jockey Internati KENOSHA WI 60625 981401 Card#5412,-221.5,7065.03,,Groceries
6/6/25,,THE HOME DEPOT # WINSTON-SALEM NC 60625 002561 Card#5412,-67.05,7286.53,,Shopping
6/6/25,,AMAZON.COM*N68E7 SEATTLE WA 60625 620000 Card#7349,-20.22,7353.58,,Shopping
6/6/25,,AMAZON.COM*N610M SEATTLE WA 60625 350000 Card#7349,-20.22,7373.8,,Shopping
6/6/25,,AMAZON.COM*N60J3 SEATTLE WA 60625 300000 Card#7349,-18.07,7394.02,,Shopping
6/6/25,,AIRWALLEX pay_j8SeKl 1371913769 Steve Griffin,104,7412.09,,Deposit
6/5/25,,Daily Ledger Bal,,7308.09,,
6/5/25,,SBA EIDL LOAN PAYMENT 7300000118 R STEVE GRIFFIN,-120,7308.09,,Business
6/5/25,,WHOLEFDS 41 MIL WINSTON-SALEM NC 60525 111142 Card#5412,-50.71,7428.09,,Groceries
6/5/25,,DAVIE TAVERN ADVANCE NC 60325 177455 Card#7349,-45.45,7478.8,,Entertainment
6/5/25,,"NEW GROWTH PRESS DIRECT DEP 9111111101 GRIFFIN,STEVEN A",1913.48,7524.25,,Deposit
6/5/25,,NORDSTROM DIRECT CEDAR RAPIDS IA 60325 272343 Card#5412,80.25,5610.77,,Shopping
6/4/25,,Daily Ledger Bal,,5530.52,,
6/4/25,,CHASSCHOOLOFID NORTH CHARLES SC 60325 459148 Card#7349,-395,5530.52,,Other
6/4/25,,AMAZON.COM*N65J1 SEATTLE WA 60325 000040 Card#7349,-369.37,5925.52,,Shopping
6/4/25,,AMAZON.COM*N660X SEATTLE WA 60425 500000 Card#7349,-90.94,6294.89,,Shopping
6/4/25,,AMAZON.COM*NH3AS SEATTLE WA 60425 400000 Card#7349,-80.2,6385.83,,Shopping
6/4/25,,BP#1085500QUALI ADVANCE NC 60325 697318 Card#7349,-40.12,6466.03,,Gas/Transport
6/4/25,,AMAZON.COM*N6377 SEATTLE WA 60425 400000 Card#7349,-26.72,6506.15,,Shopping
6/4/25,,LOWE'S FOODS #1 LEWISVILLE NC 60425 276228 Card#7349,-24.22,6532.87,,Groceries
6/4/25,,APPLE.COM/BILL 866-712-7753 CA 60425 430563 Card#5412,-2.99,6557.09,,Entertainment
6/4/25,,PAYPAL TRANSFER PAYPALSD11 S W GRIFFIN ENTERPRISE,3637.38,6560.08,,Transfer
6/3/25,,Daily Ledger Bal,,2922.7,,
6/3/25,,BCBS NC IND DRAFT 1560894904 R steve griffin,-47.72,2922.7,,Bill
6/3/25,,BCBS NC IND DRAFT 1560894904 R steve grifin,-32.72,2970.42,,Bill
6/3/25,,MEDITERRANEO PIZ CLEMMONS NC 60125 688921 Card#7349,-61.19,3003.14,,Restaurant
6/3/25,,Prime Video Chan AMZN.COM/BILL WA 60225 698531 Card#7349,-3.2,3064.33,,Bill
6/3/25,,OLB Transfer from *448 to *535 Transfer,3000,3067.53,,Transfer
6/2/25,,Daily Ledger Bal,,67.53,,
6/2/25,,DGPlanCancel DGAppCare GS00001306 S Steve Griffin,-3.25,67.53,,Transfer
6/2/25,,QUEEN CITY AUDIO WINSTON SALEM NC 53025 746884 Card#5412,-973.49,70.78,,Other
6/2/25,,TRACTOR SUPPLY C BRENTWOOD TN 52925 001355 Card#7349,-117.66,1044.27,,Shopping
6/2/25,,Spectrum 855-707-7328 MO 53125 631679 Card#7349,-113,1161.93,,Bill
6/2/25,,LinkedInPreA *30 MOUNTAIN VIEW CA 53025 808963 Card#7349,-42.79,1274.93,,Business
6/2/25,,ACADEMY SPORTS # WINSTON SALEM NC 60125 044521 Card#7349,-37.43,1317.72,,Shopping
6/2/25,,WALGREENS 1485 R CLEMMONS NC 53125 124423 Card#7349,-29.95,1355.15,,Medical
6/2/25,,FOOD LION #1062 LEWISVILLE NC 53125 077597 Card#7349,-14.75,1385.1,,Groceries
6/2/25,,AMAZON.COM*N6702 SEATTLE WA 60125 400000 Card#7349,-12.59,1399.85,,Shopping
6/2/25,,VIVACHICKEN WINSTON SALEM NC 60125 480685 Card#7349,-11.72,1412.44,,Restaurant
6/2/25,,APPLE.COM/BILL 866-712-7753 CA 60125 470978 Card#7349,-9.99,1424.16,,Entertainment
5/30/25,,Daily Ledger Bal,,1434.15,,
5/30/25,,NAWAB INDIAN CUI WINSTON SALEM NC 52925 064313 Card#7349,-50.94,1434.15,,Restaurant
5/30/25,,WHOLEFDS 41 MIL WINSTON-SALEM NC 52925 231865 Card#7349,-47.47,1485.09,,Groceries
5/30/25,,LOWE'S FOODS #1 LEWISVILLE NC 53025 832342 Card#5412,-41.69,1532.56,,Groceries
5/30/25,,COOK OUT CLEMMON CLEMMONS NC 52825 916193 Card#5412,-28.64,1574.25,,Restaurant
5/30/25,,SALEM KITCHEN WINSTON SALEM NC 52925 282827 Card#7349,-19.8,1602.89,,Restaurant
5/30/25,,CTLP*Laundry Lan DANVILLE VA 52925 064768 Card#7349,-12.75,1622.69,,Other
5/30/25,,WALGREENS #19937 CLEMMONS NC 52925 767406 Card#7349,-10.08,1635.44,,Medical
5/30/25,,CTLP*Laundry Lan DANVILLE VA 52925 111820 Card#7349,-3.75,1645.52,,Other
5/30/25,,AMAZON.COM SEATTLE WA 52925 300000 Card#7349,12.81,1649.27,,Shopping
5/29/25,,Daily Ledger Bal,,1636.46,,
5/29/25,,SEA PRODUCTS INC WINSTON SALEM NC 52925 896753 Card#7349,-60.25,1636.46,,Other
5/29/25,,CLEMMONS MILLING CLEMMONS NC 52825 891182 Card#7349,-43.87,1696.71,,Other
5/29/25,,FRANKS PERENNIAL WINSTON SALEM NC 52825 409182 Card#5412,-26.69,1740.58,,Other
5/29/25,,MCDONALD'S F4481 CLEMMONS NC 52825 330562 Card#5412,-12.82,1767.27,,Restaurant
5/29/25,,WALGREENS #19937 CLEMMONS NC 52825 815236 Card#5412,-10.08,1780.09,,Medical
5/28/25,,Daily Ledger Bal,,1790.17,,
5/28/25,,WALGREENS #19937 CLEMMONS NC 52725 598842 Card#7349,-55.38,1790.17,,Medical
5/28/25,,HARRIS TE 4110 C CLEMMONS NC 52825 798166 Card#5412,-31.2,1845.55,,Groceries
5/28/25,,FOOD LION #2554 CLEMMONS NC 52825 104218 Card#5412,-19.22,1876.75,,Groceries
5/28/25,,LOWE'S FOOD #16 CLEMMONS NC 52825 754034 Card#5412,-7.48,1895.97,,Groceries
5/27/25,,Daily Ledger Bal,,1903.45,,
5/27/25,,REEDY FORK ORGAN ELON NC 52225 718165 Card#7349,-301.75,1903.45,,Other
5/27/25,,VZWRLSS*APOCC VI 800-922-0204 FL 52625 843071 Card#7349,-129.1,2205.2,,Bill
5/27/25,,IN *UNCLE B'S EN WINSTON SALEM NC 52325 161260 Card#7349,-100,2334.3,,Other
5/27/25,,FOOD LION #2554 CLEMMONS NC 52425 150602 Card#7349,-81.87,2434.3,,Groceries
5/27/25,,WHOLEFDS 41 MIL WINSTON-SALEM NC 52525 014787 Card#5412,-78.46,2516.17,,Groceries
5/27/25,,WHOLEFDS 41 MIL WINSTON-SALEM NC 52625 206436 Card#5412,-75.26,2594.63,,Groceries
5/27/25,,KALAMAKI NC INC WINSTON SALEM NC 52625 026950 Card#5412,-58.98,2669.89,,Other
5/27/25,,HARRIS TE 420-22 WINSTON SALEM NC 52625 362329 Card#5412,-30.75,2728.87,,Groceries
5/27/25,,WM SUPERCENTER # WINSTON SALEM NC 52525 056089 Card#5412,-29.77,2759.62,,Shopping
5/27/25,,COOK OUT KESTER WINSTON SALEM NC 52525 958714 Card#5412,-19.35,2789.39,,Restaurant
5/27/25,,AMAZON PRIME*NZ2 AMZN.COM/BILL WA 52325 933170 Card#7349,-16.04,2808.74,,Shopping
5/27/25,,MICROSOFT*MICROS MSBILL.INFO WA 52725 570435 Card#7349,-13.9,2824.78,,Entertainment
5/27/25,,CTLP*Laundry Lan DANVILLE VA 52425 987680 Card#7349,-11.25,2838.68,,Other
5/27/25,,AMAZON.COM*NZ7VF SEATTLE WA 52425 000187 Card#7349,-10.69,2849.93,,Shopping
5/27/25,,CTLP*Laundry Lan DANVILLE VA 52425 587086 Card#7349,-10,2860.62,,Other
5/27/25,,"ETSY, INC. Etsy. BROOKLYN NY 52425 640000 Card#7349",-9.31,2870.62,,Shopping
5/27/25,,DNH*GODADDY#3757 TEMPE AZ 52325 486305 Card#7349,-8.99,2879.93,,Other
5/23/25,,Daily Ledger Bal,,2888.92,,
5/23/25,,WHOLEFDS 3202 W GREENSBORO NC 52325 104613 Card#5412,-208.5,2888.92,,Groceries
5/23/25,,NORDSTROM DIRECT CEDAR RAPIDS IA 52125 023211 Card#5412,-148.2,3097.42,,Shopping
5/23/25,,AMAZON.COM*NZ7HP SEATTLE WA 52325 000001 Card#7349,-34.23,3245.62,,Shopping
5/23/25,,OLB Transfer from *448 to *535 Transfer,2950,3279.85,,Transfer
5/23/25,,WHOLEFDS 3202 W GREENSBORO NC 52325 048512 Card#5412,12.2,329.85,,Groceries
5/22/25,,Daily Ledger Bal,,317.65,,
5/22/25,,NORDSTROM DIRECT CEDAR RAPIDS IA 52125 300848 Card#5412,-107,317.65,,Shopping
5/22/25,,NORDSTROM DIRECT CEDAR RAPIDS IA 52125 725919 Card#5412,-80.25,424.65,,Shopping
5/22/25,,AMAZON.COM*NN8LW SEATTLE WA 52225 200000 Card#7349,-55.2,504.9,,Shopping
5/21/25,,Daily Ledger Bal,,560.1,,
5/21/25,,OLB Transfer from *448 to *535 Transfer,300,560.1,,Transfer
5/21/25,,OLB Transfer from *448 to *535 Transfer,100,260.1,,Transfer
5/20/25,,Daily Ledger Bal,,160.1,,
5/20/25,,Prime Video *NW7 888-802-3080 WA 51925 511993 Card#7349,-7.48,160.1,,Bill
5/19/25,,Daily Ledger Bal,,167.58,,
5/19/25,,ACI*WINDSTREAM P 800-347-1991 AR 51625 210296 Card#7349,-76.38,167.58,,Bill
5/19/25,,TRACTOR SUPPLY C BRENTWOOD TN 51625 074166 Card#7349,-31.02,243.96,,Shopping
5/19/25,,APPLE.COM/BILL 866-712-7753 CA 51725 995953 Card#7349,-14.19,274.98,,Entertainment
5/19/25,,GOOGLE *Google O MOUNTAIN VIEW CA 51725 286674 Card#7349,-9.99,289.17,,Bill
5/19/25,,Regular Deposit,151.67,299.16,,Deposit
5/16/25,,Daily Ledger Bal,,147.49,,
5/16/25,,FOOD LION #1062 LEWISVILLE NC 51625 182893 Card#5412,-117.82,147.49,,Groceries
5/16/25,,LOWE'S FOODS #1 LEWISVILLE NC 51625 591645 Card#5412,-69.62,265.31,,Groceries
5/15/25,,Daily Ledger Bal,,334.93,,
5/15/25,,HARVEST 6467557737 NY 51425 253425 Card#7349,-12,334.93,,Other
5/15/25,,Transfer via Bank Representative,300,346.93,,Transfer
5/15/25,,OPENAI *CHATGPT SAN FRANCISCO CA 51325 093880 Card#7349,7.42,46.93,,Business
5/14/25,,Daily Ledger Bal,,39.51,,
5/14/25,,CINTI LIF INS CO PREM DEBIT 1311213778 STEVEN GRIFFIN,-234.96,39.51,,Bill
5/14/25,,Transfer via Bank Representative,200,274.47,,Transfer
5/13/25,,Daily Ledger Bal,,74.47,,
5/13/25,,WHOLEFDS 41 MIL WINSTON-SALEM NC 51325 028751 Card#5412,-294.91,74.47,,Groceries
5/13/25,,Choice Home Warr EDISON NJ 51225 744959 Card#7349,-97.63,369.38,,Shopping
5/13/25,,WHOLEFDS 41 MIL WINSTON-SALEM NC 51325 058201 Card#5412,-12,467.01,,Groceries
5/12/25,,Daily Ledger Bal,,479.01,,
5/12/25,,TFSBillPay.com 8 JERICHO NY 51025 809504 Card#7349,-291.99,479.01,,Other
5/12/25,,SMITHERMANS HARD LEWISVILLE NC 50825 618420 Card#7349,-32.07,771,,Restaurant
5/12/25,,Wakefield KNOXVILLE TN 50825 305973 Card#7349,-30,803.07,,Gas/Transport
5/12/25,,DNH*GODADDY#3743 TEMPE AZ 51125 731533 Card#7349,-21.99,833.07,,Other
5/12/25,,COVENANT EYES OWOSSO MI 51125 911591 Card#7349,-18,855.06,,Entertainment
5/12/25,,FOOD LION #1062 LEWISVILLE NC 50925 198923 Card#5412,-14.45,873.06,,Groceries
5/12/25,,Transfer via Bank Representative,1000,887.51,,Transfer
5/9/25,,Daily Ledger Bal,,-112.49,,
5/9/25,,Paid Item Fee,-30,-112.49,,Other
5/9/25,,CINTI LIF INS CO PREM DEBIT 1311213778 TAMMY WILSON,-139.92,-82.49,,Bill
5/9/25,,ACI***AccessOne Web Pay 1222528268 TAMMY WILSON,-25,57.43,,Credit Card Payment
5/9/25,,MYATRIUMHEALTH P CHARLOTTE NC 50825 616316 Card#7349,-95.63,82.43,,Medical
5/9/25,,SWP*REVCO SOLUTI COLUMBUS OH 50825 908987 Card#7349,-54.35,178.06,,Other
5/8/25,,Daily Ledger Bal,,232.41,,
5/8/25,,TRAVELERS PER IN 800-842-5075 CT 50725 086406 Card#7349,-434.04,232.41,,Other
5/8/25,,FOOD LION #1062 LEWISVILLE NC 50725 346104 Card#5412,-202.04,666.45,,Groceries
5/8/25,,LTD FARM AND GAR KING NC 50725 788577 Card#7349,-78.85,868.49,,Shopping
5/8/25,,WHOLEFDS 41 MIL WINSTON-SALEM NC 50725 011172 Card#5412,-56.95,947.34,,Groceries
5/8/25,,LOWE'S FOODS #1 LEWISVILLE NC 50725 921897 Card#5412,-51.82,1004.29,,Groceries
5/8/25,,DUNKIN #355283 Q HARRIMAN TN 50725 744254 Card#5412,-6.88,1056.11,,Restaurant
5/8/25,,FOOD LION #1062 LEWISVILLE NC 50725 285559 Card#5412,-3.87,1062.99,,Groceries
5/8/25,,DUNKIN #355283 Q HARRIMAN TN 50725 282270 Card#5412,-3.6,1066.86,,Restaurant
5/8/25,,Transfer via Bank Representative,100,1070.46,,Transfer
5/7/25,,Daily Ledger Bal,,970.46,,
5/7/25,,BUC-EE'S #50 CROSSVILLE TN 50725 250084 Card#5412,-21.94,970.46,,Gas/Transport
5/7/25,,PILOT # 4597 GORDONSVILLE TN 50725 775868 Card#5412,-7.94,992.4,,Gas/Transport
5/6/25,,Daily Ledger Bal,,1000.34,,
5/6/25,,ALLEGACY FEDERAL TRANSFER 1566087383 STEVEN A GRIFFIN,-2308.72,1000.34,,Transfer
5/6/25,,DUKEENERGYCORPOR WEB_PAY 4700130001 1101368049,-566.18,3309.06,,Bill
5/6/25,,"NCDOR IND INCOME NCSTTAXRFD 2561611838 GRIFFIN, STEVEN A & TA",642,3875.24,,Other
5/5/25,,Daily Ledger Bal,,3233.24,,
5/5/25,,SBA EIDL LOAN PAYMENT 7300000118 R STEVE GRIFFIN,-120,3233.24,,Business
5/5/25,,BCBS NC IND DRAFT 1560894904 R steve griffin,-47.72,3353.24,,Bill
5/5/25,,BCBS NC IND DRAFT 1560894904 R steve grifin,-32.72,3400.96,,Bill
5/5/25,,DOMINO'S 5412 MURFREESBORO TN 50425 334801 Card#7349,-21.94,3433.68,,Restaurant
5/5/25,,DOMINO'S 5412 MURFREESBORO TN 50425 626876 Card#7349,-4.93,3455.62,,Restaurant
5/5/25,,APPLE.COM/BILL 866-712-7753 CA 50425 562804 Card#5412,-2.99,3460.55,,Entertainment
5/5/25,,"NEW GROWTH PRESS DIRECT DEP 9111111101 GRIFFIN,STEVEN A",2652.3,3463.54,,Deposit
5/5/25,,AIRWALLEX pay_BVZDYe 1371913769 Steve Griffin,104,811.24,,Deposit
5/2/25,,Daily Ledger Bal,,707.24,,
5/2/25,,Spectrum 855-707-7328 MO 50125 314231 Card#7349,-113,707.24,,Bill
5/2/25,,TST*MCCREARYS IR FRANKLIN TN 50125 799543 Card#7349,-63.82,820.24,,Other
5/2/25,,APPLE.COM/BILL 866-712-7753 CA 50125 601720 Card#7349,-9.99,884.06,,Entertainment
5/1/25,,Daily Ledger Bal,,894.05,,
5/1/25,,US BANK HOME MTG MTGPYMENT 5150841368 S STEVEN A GRIFFIN,-2095.43,894.05,,Bill
5/1/25,,LinkedInPre *889 MOUNTAIN VIEW CA 43025 734758 Card#7349,-42.79,2989.48,,Business
4/30/25,,Daily Ledger Bal,,3032.27,,
4/30/25,,"Zelle Credit Zelle Pay from HSM LABS, INC.",3000,3032.27,,Deposit
4/29/25,,Daily Ledger Bal,,32.27,,
4/29/25,,AAA MEMBERSHIP R CHARLOTTE NC 42825 244716 Card#7349,-177,32.27,,Gas/Transport
4/29/25,,eBay ComELZHIQON PAYMENTS SJERGOTSVUTQT6F 1618206000 Steve Griffin,53.16,209.27,,Shopping
4/28/25,,Daily Ledger Bal,,156.11,,
4/28/25,,VZWRLSS*APOCC VI 800-922-0204 FL 42625 720798 Card#7349,-111.08,156.11,,Bill
4/28/25,,APPLE.COM/BILL 866-712-7753 CA 42525 907500 Card#7349,-69.54,267.19,,Entertainment
4/28/25,,MICROSOFT*MICROS MSBILL.INFO WA 42725 782447 Card#7349,-13.9,336.73,,Entertainment
4/28/25,,Tammy Wilson Phone Xfer Representative,250,350.63,,Bill
4/25/25,,Daily Ledger Bal,,100.63,,
4/25/25,,OPENAI *CHATGPT SAN FRANCISCO CA 42425 007383 Card#7349,-20,100.63,,Business
4/24/25,,Daily Ledger Bal,,120.63,,
4/24/25,,AMAZON PRIME*D14 AMZN.COM/BILL WA 42325 775207 Card#7349,-16.04,120.63,,Shopping
4/24/25,,DNH*GODADDY#3722 TEMPE AZ 42325 473544 Card#7349,-8.99,136.67,,Other
4/22/25,,Daily Ledger Bal,,145.66,,
4/22/25,,WHOLEFDS 41 MIL WINSTON-SALEM NC 42225 811902 Card#7349,-11.69,145.66,,Groceries
4/22/25,,Transfer via Bank Representative,500,157.35,,Transfer
4/21/25,,Daily Ledger Bal,,-342.65,,
4/21/25,,"Zelle Credit Zelle Pay from HSM LABS, INC.",30,-342.65,,Deposit
4/18/25,,Daily Ledger Bal,,-372.65,,
4/18/25,,Paid Item Fee,-30,-372.65,,Other
4/18/25,,ACI*WINDSTREAM P 800-347-1991 AR 41625 145241 Card#7349,-76.38,-342.65,,Bill
4/18/25,,Paid Item Fee,-30,-266.27,,Other
4/18/25,,APPLE.COM/BILL 866-712-7753 CA 41725 236924 Card#7349,-14.19,-236.27,,Entertainment
4/18/25,,GOOGLE *Google O MOUNTAIN VIEW CA 41725 134209 Card#7349,-9.99,-222.08,,Bill
4/17/25,,Daily Ledger Bal,,-212.09,,
4/17/25,,Paid Item Fee,-30,-212.09,,Other
4/17/25,,NC SECRETARY OF FILINGS 10310384 1561611340 S W Griffin Enterpri,-202,-182.09,,Business
4/16/25,,Daily Ledger Bal,,19.91,,
4/16/25,,PROV L&A DIS OP INS.PREM 9725125003 STEVE A GRIFFIN,-254.06,19.91,,Other
4/15/25,,Daily Ledger Bal,,273.97,,
4/15/25,,IRS USATAXPYMT 3387702000 S STEVEN A GRIFFIN,-2710,273.97,,Other
4/15/25,,CINTI LIF INS CO PREM DEBIT 1311213778 STEVEN GRIFFIN,-234.96,2983.97,,Bill
4/15/25,,DAPP UNIVERSITY FRANKLIN TN 41425 046181 Card#7349,-49.99,3218.93,,Other
4/15/25,,DAIRI-O CLEMMONS NC 41325 699021 Card#7349,-14.31,3268.92,,Restaurant
4/15/25,,COOK OUT CLEMMON CLEMMONS NC 41325 136391 Card#7349,-12.81,3283.23,,Restaurant
4/15/25,,HARVEST 6467557737 NY 41425 159402 Card#7349,-12,3296.04,,Other
4/14/25,,Daily Ledger Bal,,3308.04,,
4/14/25,,Choice Home Warr EDISON NJ 41225 025077 Card#7349,-82.74,3308.04,,Shopping
4/14/25,,QUALITY MART42 CLEMMONS NC 41225 981888 Card#7349,-46.6,3390.78,,Gas/Transport
4/14/25,,HARRIS TE 4150 C CLEMMONS NC 41225 027432 Card#7349,-33.1,3437.38,,Groceries
4/14/25,,HARRIS TE 4110 C CLEMMONS NC 41225 141788 Card#7349,-32.71,3470.48,,Groceries
4/14/25,,DNH*GODADDY#3701 TEMPE AZ 41125 219181 Card#7349,-21.99,3503.19,,Other
4/14/25,,COVENANT EYES OWOSSO MI 41125 486862 Card#7349,-16.99,3525.18,,Entertainment
4/14/25,,O'REILLY 3957 CLEMMONS NC 41225 561136 Card#7349,-10.24,3542.17,,Gas/Transport
4/14/25,,Regular Deposit,3000,3552.41,,Deposit
4/11/25,,Daily Ledger Bal,,552.41,,
4/11/25,,TFSBillPay.com 8 JERICHO NY 41025 774557 Card#7349,-291.99,552.41,,Groceries
4/10/25,,Daily Ledger Bal,,844.4,,
4/10/25,,Wakefield KNOXVILLE TN 40825 278987 Card#7349,-30,844.4,,Other
4/10/25,,AMAZON.COM*U71VM SEATTLE WA 41025 000007 Card#7349,-2.38,874.4,,Shopping
4/9/25,,Daily Ledger Bal,,876.78,,
4/9/25,,"MUTUAL OF OMAHA LONG TERM 1470246511 WILSON, TAMMY",-215.67,876.78,,Bill
4/9/25,,"MUTUAL OF OMAHA LONG TERM 1470246511 GRIFFIN, STEVE",-149.88,1092.45,,Bill
4/9/25,,CINTI LIF INS CO PREM DEBIT 1311213778 TAMMY WILSON,-139.92,1242.33,,Bill
4/9/25,,ACI***AccessOne Web Pay 1222528268 TAMMY WILSON,-25,1382.25,,Credit Card Payment
4/9/25,,SWP*REVCO SOLUTI COLUMBUS OH 40825 638138 Card#7349,-54.35,1407.25,,Other
4/9/25,,TRACTOR-SUPPLY-C CLEMMONS NC 40825 009563 Card#7349,-53.48,1461.6,,Shopping
4/9/25,,Staples Inc STAPLES.COM MA 40725 217902 Card#7349,-23.53,1515.08,,Business
4/9/25,,FRACTIONAL POWER AUSTIN TX 40825 123749 Card#7349,-4.99,1538.61,,Other
4/8/25,,Daily Ledger Bal,,1543.6,,
4/8/25,,TRAVELERS PER IN 800-842-5075 CT 40725 771512 Card#7349,-415.11,1543.6,,Other
4/7/25,,Daily Ledger Bal,,1958.71,,
4/7/25,,SBA EIDL LOAN PAYMENT 7300000118 R STEVE GRIFFIN,-120,1958.71,,Business
4/7/25,,Transfer via Bank Representative,-500,2078.71,,Transfer
4/7/25,,HARRIS TE 4110 C CLEMMONS NC 40725 657103 Card#7349,-66.82,2578.71,,Groceries
4/7/25,,CIRCLE K 01539 4 LEWISVILLE NC 40525 225075 Card#7349,-37.87,2645.53,,Gas/Transport
4/7/25,,AIRWALLEX pay_OdQHiB 1371913769 Steve Griffin,104,2683.4,,Deposit
4/4/25,,Daily Ledger Bal,,2579.4,,
4/4/25,,APPLE COM BILL CUPERTINO CA 40425 730709 Card#5412,-2.99,2579.4,,Entertainment
4/4/25,,"NEW GROWTH PRESS DIRECT DEP 9111111101 GRIFFIN,STEVEN A",2184.08,2582.39,,Deposit
4/3/25,,Daily Ledger Bal,,398.31,,
4/3/25,,BCBS NC IND DRAFT 1560894904 R steve griffin,-47.72,398.31,,Bill
4/3/25,,BCBS NC IND DRAFT 1560894904 R steve grifin,-32.72,446.03,,Bill
4/3/25,,COOK OUT STATESV STATESVILLE NC 40125 585486 Card#7349,-15.03,478.75,,Restaurant
4/2/25,,Daily Ledger Bal,,493.78,,
4/2/25,,PARKWAY HOUSE HI HICKORY NC 40125 911680 Card#7349,-46.77,493.78,,Other
4/2/25,,APPLE.COM/BILL 866-712-7753 CA 40125 665666 Card#7349,-9.99,540.55,,Entertainment